,account_rk,client_rk,registration_dttm,login,password,email
0,9,3619,2022-11-08 01:54:24.487892,xkapustin,GbC2Kpvw1X5,xkapustin55@example.org
1,25,771,2022-09-03 17:18:11.939333,vkapustin,xAeOvcMbauN,vkapustin32@example.com
2,41,1890,2022-12-12 13:00:13.906127,burova.regina,NaNRI8aCZl,burova.regina18@example.net
3,57,1239,2022-10-08 13:10:28.400441,igor.voronova,qLkNa0RIR,igor.voronova76@example.net
4,73,808,2022-12-13 07:42:32.803038,ignateva.vlad,gmfeuv6TwT,ignateva.vlad94@example.net
5,89,3105,2022-10-25 20:18:29.091845,vkonstantinova,oFAUpgEwyAKz,vkonstantinova46@example.com
6,105,3987,2023-01-13 12:54:23.537398,andreev.arsenij,zfEx2kFvI,andreev.arsenij35@example.net
7,121,2002,2023-01-23 20:57:33.417854,filipp73,qrxBluaI1S,filipp7318@example.net
8,137,617,2023-01-09 05:30:53.028304,iskra.pestova,UjC7WzgG3dek,iskra.pestova1@example.org
9,153,81,2023-01-20 14:58:09.186439,mnosov,NviJKITjr,mnosov73@example.net
10,169,3735,2022-11-26 14:22:17.916434,sofa56,r1eCJWzwEAe2,sofa5690@example.com
11,185,1955,2023-01-19 07:00:08.937657,gkorolev,oU2dsfurxL9V,gkorolev32@example.net
12,201,3032,2022-11-08 21:55:22.152771,qilin,EjMRy8ONNTH,qilin99@example.org
13,217,16,2023-02-01 23:27:53.916985,viktoria.efimova,jnKXcOMW,viktoria.efimova18@example.org
14,233,45,2022-11-25 16:33:17.535561,kopylov.ekaterina,tsMl0OmcIF9,kopylov.ekaterina8@example.com
15,249,1016,2022-09-16 01:09:15.895704,artemeva.alisa,IKJI6vxstntM,artemeva.alisa38@example.net
16,270,2113,2022-10-01 09:27:31.727110,visnakov.oksana,wP1e7DG3W,visnakov.oksana85@example.org
17,286,3142,2022-10-08 08:12:57.272683,timur.rodionova,pDTlQ19eP,timur.rodionova68@example.com
18,302,3367,2022-10-08 04:17:22.396545,vladlen49,0Rqd1gVK,vladlen4970@example.com
19,318,19,2022-12-25 06:27:31.757044,dobryna.zimina,bMNuNrhKbZ,dobryna.zimina92@example.com
20,334,2741,2022-09-21 03:18:46.961500,olesa.frolova,YjwsTbfM5,olesa.frolova84@example.com
21,350,586,2022-10-17 01:50:39.733851,albina.rabov,V81nl55vBd,albina.rabov23@example.com
22,366,1577,2022-10-31 07:13:35.284158,anatolij.subin,95YDNVEqjxHR,anatolij.subin69@example.com
23,382,2727,2022-10-11 19:22:48.558043,stefan.petuhov,rDGAIm7MH6,stefan.petuhov5@example.net
24,398,3157,2022-09-03 14:45:02.255724,larionov.gennadij,zdZrqj3EFXQ,larionov.gennadij66@example.org
25,414,420,2022-09-29 20:27:26.113516,iskra36,QxTl6S5pydl,iskra3687@example.net
26,430,3754,2022-12-31 16:14:51.384691,valentina.gusev,VKjUx3UUi,valentina.gusev86@example.org
27,446,290,2022-10-03 02:25:53.769740,ulia88,Mg7TW62af,ulia8849@example.com
28,462,4081,2022-09-03 04:16:21.952737,zbykov,X4ySRxWUffp3,zbykov32@example.net
29,478,585,2022-10-04 21:41:01.233563,snazarova,zWDe9LxNIJ1p,snazarova68@example.com
30,494,3603,2022-09-05 10:50:27.085881,kiselev.rodion,BzwKnnSE4,kiselev.rodion80@example.com
31,510,111,2022-10-05 23:35:26.362731,kirill.gorskova,eFG75Xou,kirill.gorskova34@example.net
32,527,77,2022-12-18 09:42:29.302205,muraveva.dina,x4sgsm7v,muraveva.dina23@example.net
33,543,2925,2022-11-01 14:57:02.079219,panova.polina,TlHgSozTj,panova.polina86@example.com
34,559,141,2022-12-01 15:21:45.578676,iprohorov,juywJeYqp,iprohorov95@example.com
35,575,1587,2023-01-12 15:15:26.282121,lmisina,Sbhdp3A8,lmisina25@example.org
36,591,492,2022-10-04 16:44:13.533290,lvlasov,VQRvmOgyCO,lvlasov66@example.com
37,607,1636,2022-11-07 10:14:48.104202,mark06,GlozJA8x,mark0648@example.net
38,623,124,2022-11-04 14:55:44.395673,wgerasimov,9dHMr6rzH,wgerasimov84@example.org
39,639,1291,2022-10-01 03:56:07.473426,pbespalov,DWSNHusCOShz,pbespalov12@example.net
40,655,2648,2022-10-23 01:19:47.413864,komarova.valentina,LK3BHtCIlw,komarova.valentina41@example.net
41,671,3776,2023-01-20 02:50:14.808807,gleb.zajceva,kDEdCQLRCu,gleb.zajceva58@example.org
42,687,4085,2022-12-28 11:47:18.744020,alisa26,lXqMrurJpa5T,alisa2637@example.org
43,703,515,2023-01-21 05:20:45.208548,sarova.viktor,yaCMChdWZ,sarova.viktor48@example.net
44,719,419,2022-10-10 11:40:08.414711,mihajlov.tatana,hLaNPA7a,mihajlov.tatana59@example.com
45,735,1897,2022-12-03 17:51:18.256059,bykova.sofia,kj00JQhRG,bykova.sofia43@example.org
46,751,2430,2023-01-04 01:20:23.334249,fokina.radislav,2mphPQpP2B1,fokina.radislav91@example.org
47,767,3917,2022-12-12 01:17:11.606663,florentina.kudravceva,o1x6vKpHJpz7,florentina.kudravceva85@example.org
48,772,1654,2022-12-11 22:03:11.881344,jsergeev,7iq6sN0pmh,jsergeev17@example.com
49,788,1699,2022-10-06 02:02:07.627847,gerasimov.alina,zmRWpbqGfHSz,gerasimov.alina20@example.com
50,804,2470,2022-10-06 15:54:10.369254,zburov,ftUJfpZNBr,zburov22@example.org
51,820,3789,2022-11-23 19:04:46.722270,jharitonov,iqfjD4t0sm3M,jharitonov2@example.com
52,836,982,2023-01-15 16:39:02.447027,wrogova,1qaPjDFuHl,wrogova29@example.org
53,852,3155,2022-09-28 23:29:37.669913,valeksandrov,UEmg562JnPLi,valeksandrov44@example.net
54,868,1008,2022-10-23 00:09:54.964988,vladlen.veselova,iZW7Latr,vladlen.veselova45@example.net
55,884,1885,2022-10-01 14:38:20.128716,kotova.anfisa,toBP013fvn,kotova.anfisa97@example.org
56,900,1021,2023-01-09 13:26:36.062824,gulaeva.feliks,9XzfpebUPCY3,gulaeva.feliks30@example.org
57,916,117,2022-10-25 06:24:20.385280,gurev.zoa,2uAAjGN9J9,gurev.zoa97@example.net
58,932,425,2022-09-28 15:07:59.728680,dominika.rabova,WDXUcB1XiUe,dominika.rabova35@example.net
59,948,259,2022-10-10 20:53:30.601468,alla.rogova,50sB2a1Q,alla.rogova18@example.com
60,964,2550,2022-12-28 03:48:03.967660,kondrateva.renata,m5sOwpSY,kondrateva.renata42@example.net
61,980,204,2023-01-06 13:54:51.512328,gleb86,X2r5C0Ee9F6,gleb8616@example.net
62,996,3071,2022-10-17 20:00:33.258050,aroslava48,RCeEdn2igvFq,aroslava4833@example.org
63,1012,3154,2022-11-03 12:25:14.904960,popova.gennadij,vaU9K4ToN,popova.gennadij94@example.com
64,6,3979,2022-11-14 14:19:58.850038,anaumov,9qbXqTmR6KB,anaumov25@example.org
65,22,3882,2022-09-14 18:49:17.598361,klavdia59,LfFlA4J8U,klavdia595@example.org
66,38,3349,2022-11-29 04:43:36.664249,timur81,2tQELT9F7d,timur8152@example.org
67,54,3422,2023-01-30 20:42:41.309235,veniamin30,L3dVZcXoz,veniamin309@example.net
68,70,439,2023-01-23 22:25:48.196779,aleksandrov.lusa,xDb5nGwZMbrF,aleksandrov.lusa69@example.com
69,86,2606,2022-12-08 09:25:02.542886,ignatij35,cCj9pphDmlER,ignatij3582@example.com
70,102,1344,2022-10-02 17:17:31.660252,klavdia.maslova,3wbFW0j4ES,klavdia.maslova88@example.com
71,118,803,2022-12-03 05:05:43.369224,hlebedev,NNarjIOZLw8,hlebedev28@example.com
72,134,2347,2022-10-31 17:20:16.352216,david18,c6CHA9qqlBrW,david1846@example.net
73,150,1266,2022-12-26 14:23:43.728481,maria50,svukhGrNmec,maria5056@example.com
74,166,2383,2022-11-03 09:05:02.016789,vladlen.stepanova,2p2jMm3lBu,vladlen.stepanova25@example.org
75,182,1804,2023-01-16 09:17:36.062508,sitnikov.matvej,1PKZ0sVpJ3,sitnikov.matvej38@example.org
76,198,2674,2022-10-31 15:07:29.731337,maslova.leonid,kircRWYJ,maslova.leonid69@example.com
77,214,2613,2023-01-25 18:21:13.102287,vzaharov,oZxMtEHmPwK,vzaharov58@example.com
78,230,1850,2023-01-18 06:49:53.127639,antonina76,wsemQFKLL,antonina7640@example.org
79,246,288,2023-01-12 18:01:25.052526,nesterov.faina,uFaQYvRSHjyx,nesterov.faina87@example.org
80,257,1866,2022-11-18 03:26:37.197774,dina40,FuqYC8tDQ7,dina4028@example.net
81,273,811,2022-10-15 00:21:50.689813,ezueva,x5J5iA9I4Oh,ezueva85@example.org
82,289,1609,2022-10-29 11:14:38.272336,sidorova.radislav,j6PenSOmn3q,sidorova.radislav49@example.org
83,305,1345,2022-09-11 03:09:24.981687,orodionova,qD6m73KMcDuM,orodionova38@example.com
84,321,1044,2023-01-15 08:25:57.235140,nelli02,wjAZVRhQV,nelli0249@example.net
85,337,2993,2023-01-09 15:09:38.548702,nika31,jmgE0l2x,nika3174@example.net
86,353,78,2022-11-23 14:39:14.630332,irina.sitnikova,3tQ9v3lWfhkQ,irina.sitnikova66@example.net
87,369,3108,2023-01-30 15:58:12.625433,radislav.bragin,2OXt6ApLiim,radislav.bragin30@example.com
88,385,2432,2022-11-30 08:21:03.806315,nonna67,IdqdfLTC8,nonna6716@example.com
89,401,953,2022-09-11 16:31:04.672351,vasilisa83,lY6bC3bQyx,vasilisa8348@example.org
90,417,458,2022-09-14 12:45:58.643335,vladislav18,PLGoWaznYN9E,vladislav1841@example.com
91,433,3478,2022-10-20 18:14:04.888879,birukov.maksim,ZRH5qytZsjKh,birukov.maksim40@example.com
92,449,3161,2022-09-24 10:04:32.744756,serbakova.iskra,QN7eEVpGNM,serbakova.iskra37@example.org
93,465,90,2022-11-21 15:25:34.005117,polakov.margarita,wkXW23iv7XmG,polakov.margarita74@example.org
94,481,577,2022-10-17 03:19:49.432736,wsilin,dvqgvlBUq,wsilin85@example.org
95,497,2719,2022-10-03 12:17:06.765986,nika18,33mVqyIpmNV,nika1849@example.net
96,524,1597,2023-01-22 16:19:26.213536,xtimofeeva,MWJPIk92i,xtimofeeva15@example.net
97,540,2325,2023-01-19 09:49:37.310063,orlov.diana,ksn4dzc8H2,orlov.diana8@example.org
98,556,816,2022-11-05 04:26:33.302268,georgij40,ULEBLsNe,georgij4038@example.net
99,572,3762,2022-12-06 17:19:44.881939,uvarov.anna,lO28C5sC,uvarov.anna65@example.net
100,588,3556,2022-10-16 08:34:28.223999,hbragina,lMdowopK,hbragina63@example.net
101,604,3104,2022-10-03 17:31:02.636540,qilina,ExJZK2PeKg,qilina67@example.net
102,620,3562,2023-01-25 00:02:20.405676,tretakova.veronika,AulTwKViDJA,tretakova.veronika26@example.com
103,636,1967,2022-12-13 20:29:44.085166,hteterina,ptuURRGoo,hteterina98@example.com
104,652,3599,2022-11-27 05:53:02.042540,vteterin,F8h7gjiQHGd,vteterin93@example.com
105,668,544,2023-01-03 11:34:24.202978,nsazonova,dTYcm6U983,nsazonova84@example.net
106,684,1416,2022-11-06 17:00:47.730955,dominika.kulikov,58l58Ynr,dominika.kulikov56@example.org
107,700,1389,2023-01-22 05:34:49.784374,egromov,4v8idP0nAtu,egromov15@example.net
108,716,3626,2022-09-04 23:14:43.832033,ykolobov,4bxRRhFtRV,ykolobov94@example.net
109,732,1087,2022-12-23 07:00:19.778717,efimova.malvina,3vHChgnCJeB6,efimova.malvina67@example.com
110,748,945,2022-12-08 09:03:51.843241,kkulakov,8VdxKF7uJ,kkulakov56@example.com
111,764,2393,2022-12-09 11:30:22.908855,voronova.ivan,iAYT9NaQ,voronova.ivan56@example.com
112,775,1604,2022-09-27 07:02:10.392319,vkonovalova,f2mhdY6sxI,vkonovalova9@example.net
113,791,3120,2022-10-06 09:42:01.118250,fadeeva.margarita,9pe1A492u,fadeeva.margarita49@example.org
114,807,958,2022-10-14 02:30:03.443339,adrian.haritonova,damFFyseiRrl,adrian.haritonova23@example.com
115,823,1517,2022-09-25 10:12:42.058899,tretakov.antonin,kJCcpgze,tretakov.antonin53@example.net
116,839,3794,2022-11-18 07:20:41.075009,qkozlova,VVPV5N9Q,qkozlova2@example.com
117,855,3644,2022-11-04 14:10:03.525567,skudravceva,n40CD0fqv9,skudravceva14@example.org
118,871,3948,2022-09-25 14:09:07.495736,mzaharova,FEy0HjtB,mzaharova54@example.com
119,887,1254,2022-09-30 10:00:23.639488,kudrasova.kuzma,RQvG0HsOHjKB,kudrasova.kuzma54@example.org
120,903,2236,2022-11-27 22:18:00.089280,sukina.an,4kMNYT2Et,sukina.an51@example.com
121,919,2454,2023-01-09 10:06:41.347558,rodion85,qaFkcTiM,rodion8532@example.org
122,935,3370,2023-01-22 23:08:51.039982,oprohorova,Z8dhK7uzz,oprohorova45@example.net
123,951,833,2023-01-25 05:03:11.811968,filippova.denis,ZFuTKjKW,filippova.denis42@example.net
124,967,1018,2023-01-28 14:38:15.816730,kovaleva.anton,nE05EAzrr2S,kovaleva.anton68@example.com
125,983,2103,2022-09-19 03:50:01.517254,alena.burov,R4pmCh1LQB,alena.burov20@example.org
126,999,1656,2022-09-03 18:27:20.523712,muraveva.malvina,bbj6DYneTtzE,muraveva.malvina97@example.com
127,1015,1771,2022-10-14 01:43:03.423350,lev.konstantinov,q9sS2pzzXk75,lev.konstantinov77@example.net
128,7,3615,2023-01-07 02:22:34.842071,rostislav.soloveva,iEVYs9n2,rostislav.soloveva15@example.net
129,23,2452,2022-12-31 16:11:52.366148,nadezda.baranova,U9nNKySO,nadezda.baranova44@example.org
130,39,96,2022-10-09 00:01:37.647550,marina.anisimova,ZOTVI3aur,marina.anisimova58@example.com
131,55,1079,2023-01-13 05:09:02.691658,krylova.maksim,qpMwnwOt,krylova.maksim44@example.org
132,71,3438,2022-11-01 12:27:05.749742,stimofeev,VioFYPJysF,stimofeev46@example.com
133,87,401,2022-10-17 05:29:13.926972,vikentij.seleznev,nQdWSIJohY,vikentij.seleznev14@example.net
134,103,1662,2022-09-06 00:10:54.089874,sergeeva.prohor,VhcGPN4kcK,sergeeva.prohor17@example.com
135,119,2110,2022-11-05 05:59:22.304128,arsenij.rabova,hnZRZ63Y21T7,arsenij.rabova30@example.org
136,135,1515,2023-01-15 18:01:14.949182,kapitolina.fedorov,8yULq0WG,kapitolina.fedorov78@example.com
137,151,653,2022-11-03 12:49:20.252502,vlad91,PLpX8cUbki7,vlad9153@example.org
138,167,2268,2022-11-01 18:54:42.840009,matvej.kalasnikov,uOJPhp5edG,matvej.kalasnikov89@example.org
139,183,3450,2023-01-09 05:32:00.341478,belova.ana,5uyOCUeK2FCN,belova.ana82@example.com
140,199,3243,2022-11-15 22:25:46.431993,daniil86,gKQTjsC4,daniil86100@example.com
141,215,2297,2022-11-05 08:28:22.311440,emma07,lorc7DkrgEk,emma0714@example.com
142,231,1280,2023-01-08 09:07:02.876726,anfisa.safonov,6o5uLu1TPEJs,anfisa.safonov79@example.org
143,247,2912,2022-10-09 05:16:14.121425,nprohorova,ezbbCem0Pu,nprohorova29@example.org
144,268,3213,2022-11-25 23:16:20.782624,wtretakov,1KoyYKekzD,wtretakov37@example.net
145,284,3286,2022-12-08 23:35:19.510826,emma33,PQqZLJa5,emma3343@example.com
146,300,3966,2022-09-04 05:55:17.408896,savva90,AQCbSEcPwJOO,savva9063@example.org
147,316,187,2022-09-27 21:42:57.390124,ykrukov,xkxutjbB2P,ykrukov90@example.net
148,332,2939,2022-09-18 03:29:14.125107,klavdia.gulaev,mgXGV0mRLF1J,klavdia.gulaev8@example.com
149,348,3481,2022-09-08 11:46:31.649647,zanna.prohorov,uFRYh82vetK,zanna.prohorov67@example.com
150,364,1510,2022-09-19 06:08:14.013333,albina32,8wf3rMlisPA,albina328@example.org
151,380,4020,2022-11-29 02:59:11.184493,okolesnikova,qGoI7HO3,okolesnikova27@example.com
152,396,2603,2022-10-23 06:43:53.017784,zykov.nikolaj,q9iNHNod8gt,zykov.nikolaj6@example.com
153,412,2672,2023-01-09 08:08:37.359548,eduard.nikonova,fK2gxjUW,eduard.nikonova55@example.org
154,428,1525,2022-12-18 06:58:03.476660,faina.dementev,ovRTDpZY2iU,faina.dementev40@example.org
155,444,75,2022-10-24 06:20:18.158712,dominika.grisin,pUb430yDPMdY,dominika.grisin94@example.org
156,460,2139,2022-12-23 16:11:24.515767,ulian.aksenova,pyV5lKoPu,ulian.aksenova78@example.org
157,476,2318,2022-11-22 09:11:08.910031,sergej.orlova,1S9XpQAnx7VC,sergej.orlova55@example.com
158,492,663,2023-01-08 12:57:46.320889,vadim.bogdanova,k4grjySq,vadim.bogdanova95@example.org
159,508,1482,2022-10-19 19:00:12.312411,makar.strelkov,XiuHaOCibs,makar.strelkov95@example.com
160,513,2190,2023-01-05 18:39:55.387490,eliseeva.abram,jjNfN7d7,eliseeva.abram32@example.com
161,529,1222,2022-11-18 20:59:01.952960,oantonova,5tsqA7aSaCK,oantonova26@example.com
162,545,541,2022-11-02 14:44:53.429702,vladimir.evdokimov,FhzhcZ2i,vladimir.evdokimov74@example.net
163,561,1435,2022-11-22 06:37:34.022375,scvetkova,UZhXBAP5TI,scvetkova35@example.org
164,577,2101,2022-11-05 01:47:22.862539,alina.selezneva,cMe2ezqs22dQ,alina.selezneva67@example.net
165,593,2209,2022-09-13 12:48:43.909266,aksenova.rostislav,eZYmw7DBz,aksenova.rostislav26@example.org
166,609,3099,2022-09-18 22:17:10.170741,innokentij46,rFoJYGWdEFjh,innokentij4655@example.com
167,625,3503,2023-01-01 13:42:18.624882,makar59,hM5NfiMfRmv,makar595@example.net
168,641,2780,2022-09-17 22:53:46.154445,kuzmina.ekaterina,CEBvvXurl62v,kuzmina.ekaterina97@example.net
169,657,2654,2022-10-29 07:45:28.693695,ekaterina.terenteva,3EnZBlv1Mb,ekaterina.terenteva80@example.net
170,673,2827,2022-09-25 13:54:14.174290,amaksimova,13ttA4wIBGQa,amaksimova5@example.net
171,689,421,2022-09-27 07:07:04.005049,selezneva.marina,eaNRUK2tYEv,selezneva.marina43@example.org
172,705,2446,2023-01-30 00:54:12.811646,evgenia86,vO7FNcoQ,evgenia8672@example.com
173,721,3126,2022-12-31 16:59:25.783703,qignatov,R87AeF8LtN,qignatov48@example.net
174,737,1033,2022-10-10 19:19:53.693090,bnovikova,dp654ref13Mh,bnovikova3@example.com
175,753,1557,2022-12-29 18:45:14.245950,urij83,WgzJrzXyGzd,urij8345@example.org
176,774,1556,2022-09-08 20:21:54.244666,akuseva.dina,d699P9hSM,akuseva.dina89@example.com
177,790,3386,2022-09-14 00:22:56.470908,mark74,KMjeycN5vCmS,mark7433@example.net
178,806,1474,2022-11-29 10:23:54.500594,valerij.abramov,ajkeQS8b,valerij.abramov63@example.com
179,822,1464,2023-01-11 23:37:05.437068,maria.soloveva,AQBfD8iu43,maria.soloveva79@example.org
180,838,796,2022-12-10 15:04:14.838368,baranov.albert,Q8GjrLIJj,baranov.albert28@example.net
181,854,3115,2023-01-21 03:41:59.601823,gorskova.sergej,HQpKNNMVQnX,gorskova.sergej91@example.net
182,870,1855,2022-12-07 19:01:01.595106,jbespalov,OG2Olia8,jbespalov93@example.net
183,886,3306,2022-09-07 12:20:33.064645,clihaceva,ptXAHtkEykb,clihaceva62@example.net
184,902,2616,2022-11-18 15:53:11.503470,jpolakova,yt7hXmzL,jpolakova38@example.org
185,918,42,2022-10-18 20:02:21.168550,krylova.raisa,3S4fh20Or2XO,krylova.raisa52@example.com
186,934,411,2023-01-09 10:32:00.145959,zimina.tit,hf8lXEo28lKc,zimina.tit21@example.org
187,950,3280,2022-09-13 18:40:33.133373,sergej31,WbK90xkg4x,sergej312@example.org
188,966,2397,2022-11-10 18:29:36.588433,smuhin,UrBsC3fL,smuhin57@example.net
189,982,1767,2022-11-29 08:40:52.605178,terenteva.diana,Bw8bQJHOt,terenteva.diana62@example.com
190,998,961,2022-09-21 14:28:13.374815,fedosa60,ORnzK5eju,fedosa6017@example.org
191,1014,1877,2022-10-24 00:56:54.817928,miroslav.timofeev,ZnFFIUN9,miroslav.timofeev66@example.org
192,4,3194,2023-01-29 22:04:51.329165,gordeev.ksenia,9xa7DweSh2i,gordeev.ksenia33@example.com
193,20,4041,2023-01-12 12:06:44.464152,alisa49,gIMvCgoUY,alisa4911@example.org
194,36,587,2022-09-11 14:50:01.646658,kulagina.nina,ywmAlexM0A9n,kulagina.nina31@example.net
195,52,1091,2023-01-29 14:33:51.931498,filipp77,ynmhhP4nkr,filipp7739@example.org
196,68,997,2023-01-02 07:21:42.641080,kristina.smirnova,vlbYLFzRn,kristina.smirnova21@example.org
197,84,1962,2023-01-22 06:56:27.813650,izolda.artemeva,aao0JW397,izolda.artemeva11@example.net
198,100,3856,2023-01-25 01:44:21.930952,xsarapova,Y2FLztW0htVk,xsarapova30@example.org
199,116,3777,2022-11-21 07:35:02.466917,kostina.ekaterina,MIoHYNgqqN,kostina.ekaterina12@example.org
200,132,3797,2022-12-06 04:29:38.454553,efimov.anzelika,3ESNZMPcMuQ,efimov.anzelika43@example.com
201,148,3666,2022-12-07 08:58:48.903785,titova.emilia,0pULfu1UAj,titova.emilia64@example.org
202,164,10,2023-01-01 12:47:29.237614,ulij54,YmSiBb49Ho,ulij542@example.com
203,180,971,2022-11-14 22:58:04.919488,urij45,deOCtd1f1,urij4510@example.com
204,196,167,2022-10-01 22:00:05.188813,elvira45,AFLXgEa6UHFV,elvira4558@example.net
205,212,2572,2022-12-27 09:11:15.700620,nikodim.kudravceva,qdAVPST2XCU6,nikodim.kudravceva40@example.com
206,228,2577,2022-11-16 01:18:52.300543,usubbotina,jW7FWZrv4,usubbotina81@example.com
207,244,1376,2022-10-22 18:09:06.467364,urij10,FCbQQAivb7R,urij1017@example.com
208,271,1039,2022-10-11 14:14:42.050832,bpanfilov,ZQC4xAq7S,bpanfilov96@example.net
209,287,3527,2022-11-09 00:46:49.053643,evdokimov.lusa,hie4Jyyg,evdokimov.lusa39@example.net
210,303,1491,2022-09-17 14:09:51.185421,ymiheev,NfFNgeZe13,ymiheev20@example.org
211,319,47,2022-09-17 05:11:42.283309,olesa.fomina,TFfAWk41vr,olesa.fomina11@example.org
212,335,3634,2022-09-23 20:25:04.338746,izolda.golubev,TYpBuq3s,izolda.golubev8@example.org
213,351,1351,2022-10-14 21:55:23.685532,xcernov,MZtSk4eTfQ,xcernov80@example.com
214,367,742,2022-10-26 20:36:38.544073,isaeva.lev,j99vPHPFiBP2,isaeva.lev82@example.org
215,383,73,2022-10-28 19:46:02.891981,zgureva,0XMvZEl4JDt,zgureva80@example.com
216,399,3533,2022-10-28 17:08:53.530734,bsafonov,ujhP83QITG46,bsafonov100@example.com
217,415,2378,2022-09-01 22:58:12.632460,vitold.kulakova,Zqv3RHTrVOU,vitold.kulakova98@example.net
218,431,1137,2022-10-06 15:46:09.978337,urogova,X2IAfj2ceiu,urogova48@example.org
219,447,2252,2022-11-28 13:39:41.015396,grisina.inna,LBmcojsb,grisina.inna71@example.com
220,463,2098,2022-11-10 17:08:24.872994,ulian.kalinina,zu4Itbd6b6G6,ulian.kalinina16@example.net
221,479,1287,2023-01-13 11:57:24.093060,gennadij14,bIAQS8YJ8ov,gennadij1413@example.com
222,495,2206,2022-10-29 18:31:34.251524,viktor.silina,HudeiH5oKO,viktor.silina29@example.net
223,511,330,2022-12-20 15:57:49.790313,dstrelkova,X0v99JBnVGhC,dstrelkova79@example.net
224,526,3786,2022-11-05 17:53:47.944525,korolev.anzelika,CAkZu9ds0JT,korolev.anzelika64@example.net
225,542,3076,2023-01-16 23:40:55.250627,fedotova.nikita,1CKQt93ihKVx,fedotova.nikita9@example.net
226,558,2643,2022-10-20 07:25:33.525565,natala06,Sd2NYmo12e3,natala0633@example.com
227,574,895,2022-09-28 19:52:38.213796,antonin.zdanova,y08vRlaPd,antonin.zdanova47@example.org
228,590,2154,2022-11-06 08:53:32.327469,donat22,jEHk0eDKz5f,donat2283@example.com
229,606,685,2023-01-26 16:39:41.334768,polina.belozerov,xWchy5Vjy,polina.belozerov7@example.net
230,622,3660,2022-10-19 14:04:38.294460,anisimov.afanasij,J3jnk1EO0,anisimov.afanasij45@example.com
231,638,1554,2022-12-08 10:59:35.939632,andrej.kulikov,WYM4f6mm1,andrej.kulikov94@example.net
232,654,627,2022-12-30 18:39:34.521781,albert.anisimova,nehdLkFVV,albert.anisimova81@example.org
233,670,3805,2022-12-26 19:19:27.508963,komissarova.petr,5ZJPu4Fsez,komissarova.petr16@example.com
234,686,48,2023-01-14 21:29:45.695162,ludmila.nikolaeva,dVI7d85Vg,ludmila.nikolaeva72@example.net
235,702,2688,2023-01-20 03:08:41.983047,lilia.nosova,ADt7mk8fl5e,lilia.nosova91@example.net
236,718,2765,2022-09-14 07:08:55.825243,uvarov.nadezda,tp2xiZFP,uvarov.nadezda70@example.net
237,734,2138,2023-01-21 03:23:00.054354,titov.dina,fRp45dcjlh,titov.dina93@example.org
238,750,1353,2022-10-16 03:28:02.506384,tit43,4xqIsavLT3xH,tit4310@example.net
239,766,3909,2023-01-20 04:33:46.497263,mihail03,ry2rEAkN,mihail0355@example.com
240,777,2786,2022-10-12 05:37:47.724869,lusa04,npcvisRe,lusa0414@example.org
241,793,3942,2022-10-19 14:56:39.946891,sevseev,QBnaBcvnX,sevseev50@example.org
242,809,1502,2022-11-25 17:20:21.227829,vera59,rdCx7gCPcl,vera5972@example.org
243,825,2351,2022-11-18 06:06:15.926950,blohin.nina,M1huARKLA,blohin.nina26@example.net
244,841,1785,2022-11-05 02:52:44.836640,bpetrov,zZdkmjG4ZzL,bpetrov97@example.com
245,857,453,2022-12-24 21:45:29.640998,inessa.vinogradov,CThZdDAP,inessa.vinogradov96@example.org
246,873,594,2022-12-04 10:44:32.602308,nesterov.zahar,tGjS2wuf7rX5,nesterov.zahar86@example.org
247,889,2415,2022-12-09 18:58:34.466997,ianisimova,i2pnruvmYB,ianisimova97@example.com
248,905,52,2022-09-27 02:24:50.189235,lusa.golubeva,4MhlVBjD7,lusa.golubeva22@example.com
249,921,3978,2022-11-23 10:57:23.751978,vorobev.rafail,c5voV9HuRI,vorobev.rafail81@example.org
250,937,3578,2023-01-31 15:53:19.794352,leonid.teterina,sWzOEICmq0,leonid.teterina28@example.org
251,953,2487,2023-01-13 15:21:42.686396,elena91,pF465VysbB,elena9189@example.com
252,969,1338,2022-09-28 22:42:37.032627,anastasia.belaev,98OQSIvraI9e,anastasia.belaev32@example.net
253,985,944,2022-09-03 14:00:27.561401,timur.fadeeva,OEy6MTFLX,timur.fadeeva74@example.com
254,1001,1009,2023-01-11 16:19:27.699346,knazeva.immanuil,RCHWIfg6wd,knazeva.immanuil58@example.com
255,1017,147,2022-11-15 17:16:57.357520,nika38,5qMUAMDY32,nika3821@example.com
256,1,3113,2022-10-12 12:22:07.577510,tgolubev,ngnW2ZgPM4N,tgolubev70@example.org
257,17,1623,2022-10-07 11:37:09.941448,lubov.tretakova,T3Tedz7pt63,lubov.tretakova46@example.net
258,33,2588,2022-12-23 14:52:42.524522,mharitonov,zQ3zMZIB,mharitonov94@example.com
259,49,3084,2022-12-29 03:34:44.193282,olesa.merkuseva,VHBmFqTK,olesa.merkuseva81@example.net
260,65,1409,2022-12-15 07:00:55.825312,wmartynova,Mdrw2sepAC,wmartynova14@example.com
261,81,1530,2022-11-03 00:27:59.267013,kulikov.elvira,hJwsc1lSng,kulikov.elvira43@example.org
262,97,1845,2022-12-21 02:14:13.367624,anisimova.albina,2Uro3zftsQD,anisimova.albina61@example.org
263,113,2628,2022-09-29 08:57:08.744683,konovalova.ananij,f7ECtko5jR,konovalova.ananij2@example.net
264,129,1573,2022-09-22 22:47:57.816886,ulia75,RR0tbDzqyr,ulia7536@example.com
265,145,4091,2022-12-09 23:50:41.438234,zlata33,8lalt7e7wTzR,zlata33100@example.net
266,161,1830,2022-09-22 23:30:32.012526,artur.suhanova,TC4soxBLlfK,artur.suhanova73@example.org
267,177,3684,2022-10-13 04:41:55.210444,dgusev,nYJs1Bi4ewr,dgusev7@example.net
268,193,2667,2022-11-10 14:08:53.417920,marina.kuzmina,PlqXUSk75,marina.kuzmina62@example.com
269,209,2833,2022-10-11 04:23:59.255146,immanuil.blinov,HLy1Obwy6z6,immanuil.blinov13@example.org
270,225,3127,2023-01-01 21:17:47.850494,bkopylova,CnPhStY9lwbt,bkopylova80@example.org
271,241,3040,2022-12-15 04:24:28.799784,abramova.dara,ngxeA0H1G,abramova.dara83@example.org
272,262,3535,2022-09-03 19:07:53.687621,timofej.bykov,FPKm8hP6jl,timofej.bykov49@example.com
273,278,837,2023-01-06 10:04:15.414734,timofej52,u8gJjVhE,timofej5265@example.com
274,294,3207,2022-10-15 07:49:28.241460,ignatova.matvej,7nF06WFw,ignatova.matvej74@example.org
275,310,1682,2022-12-27 15:16:44.395558,gordeev.tamara,a1VBAV2YJVp5,gordeev.tamara58@example.org
276,326,591,2022-09-06 22:24:45.361836,albert91,LAPPe61kbGY,albert9195@example.net
277,342,843,2022-12-18 00:10:20.310415,bronislav.saveleva,fQo68aOVcu,bronislav.saveleva5@example.net
278,358,772,2023-01-15 18:30:13.206379,anisimov.nina,2cS8VsMa,anisimov.nina23@example.org
279,374,3465,2022-11-28 08:09:22.571857,kseliverstov,JEO6MjHOFG1,kseliverstov45@example.com
280,390,3539,2023-01-10 00:34:36.847315,zoa.medvedev,4eBYQ2JhYo,zoa.medvedev9@example.net
281,406,478,2022-09-19 04:06:48.824524,belozerov.timofej,DAApFzU8Xs,belozerov.timofej27@example.org
282,422,727,2022-09-12 23:08:26.970066,kotova.bogdan,7I7OjhEVn,kotova.bogdan6@example.net
283,438,846,2023-01-14 13:52:51.224507,stanislav66,Ku86CAIo,stanislav6671@example.net
284,454,3305,2023-01-28 13:03:41.371628,stepan63,ywYFcn10Ad,stepan6345@example.net
285,470,2735,2022-09-05 01:12:24.765087,donat89,X803uX2yP,donat8998@example.net
286,486,2456,2022-11-24 22:35:34.616692,lidia.kirillova,pD99k7FW0,lidia.kirillova6@example.org
287,502,95,2022-11-29 16:54:46.509861,egorov.dobryna,07n3BYDIK1,egorov.dobryna43@example.net
288,519,2753,2022-11-20 06:04:29.983408,dsafonov,Bem2TFLTg1,dsafonov44@example.org
289,535,1692,2022-09-15 13:13:43.909378,antonin19,kNLDSA0l4,antonin1954@example.org
290,551,25,2022-11-10 04:05:18.819862,ktitova,vS05wYfGx,ktitova41@example.net
291,567,2976,2022-10-09 19:07:47.420868,ytimofeev,RPYBLcx2,ytimofeev46@example.com
292,583,616,2022-11-08 16:42:43.489482,fedosa74,GYD596X5k,fedosa7466@example.com
293,599,3066,2022-10-04 05:26:42.546582,gorbunova.urij,tfrO4pgAPGh,gorbunova.urij55@example.org
294,615,1003,2022-09-05 11:23:44.405766,hgurev,ylDOSYxL,hgurev39@example.net
295,631,871,2022-10-20 20:36:10.522700,mmelnikova,WJi1FDfv,mmelnikova44@example.net
296,647,3581,2022-09-26 13:35:09.407616,eva.zuravlev,sn1Nufxb,eva.zuravlev53@example.net
297,663,669,2023-01-30 13:05:53.616817,mbelozerova,WQqq62gOCs,mbelozerova9@example.org
298,679,1812,2022-10-07 03:57:20.889282,simonova.rozalina,l0OZZpWr,simonova.rozalina54@example.com
299,695,2536,2022-10-26 10:48:58.377974,zmolcanov,V4Yaz89K,zmolcanov99@example.org
300,711,3317,2023-01-21 14:06:46.102739,ustinov.igor,UlhKCBsYY,ustinov.igor57@example.net
301,727,31,2022-12-21 18:51:28.564419,qlytkina,u9Co0BwqGbY,qlytkina16@example.com
302,743,3137,2022-10-23 05:39:44.749218,denis04,DNoIluRWseAJ,denis0465@example.org
303,759,265,2022-12-25 04:35:04.507460,maksim58,kpbeVEHfM3,maksim5896@example.org
304,780,1667,2023-01-06 11:03:08.190141,albina.nazarova,sKILmpoWYpq8,albina.nazarova22@example.com
305,796,248,2023-01-16 12:14:22.950620,renata.lobanov,6poE3Z7wQHsU,renata.lobanov82@example.com
306,812,1178,2022-12-09 17:42:23.747471,andrej.sarapov,KzDPxLNrskP,andrej.sarapov38@example.org
307,828,375,2022-09-14 21:50:06.703828,stepan.maksimova,X9D6hydVd,stepan.maksimova70@example.org
308,844,2164,2022-09-19 21:04:07.868823,mironov.fedosa,3VjLuWd7I,mironov.fedosa40@example.net
309,860,2561,2022-10-07 05:28:15.534571,larisa.fedoseeva,WPYNzWZESVSg,larisa.fedoseeva100@example.org
310,876,1963,2023-01-30 17:09:50.530144,nika.muravev,3slipi9HLkwc,nika.muravev81@example.net
311,892,3554,2022-11-22 17:18:15.294012,ddackova,m1o3EV63gC,ddackova80@example.com
312,908,3145,2022-12-26 21:14:23.767715,xsavelev,Z7ANXgC4rpbS,xsavelev6@example.net
313,924,418,2022-12-20 10:01:38.436065,bobylev.pavel,MIN4a1q9,bobylev.pavel87@example.com
314,940,112,2022-10-05 04:53:35.155994,qkazakova,f5r7UKCA1,qkazakova15@example.org
315,956,219,2023-01-20 05:41:26.850054,avisnakov,J12tUiFA,avisnakov20@example.org
316,972,1538,2022-11-30 05:53:48.646512,alisa.rozkova,EydvukJ2GOF,alisa.rozkova57@example.com
317,988,877,2023-02-01 04:58:37.067532,efilatova,2ei30z5bf,efilatova24@example.com
318,1004,2651,2023-01-13 10:58:44.279724,davydov.polina,LqTRjatlyyZx,davydov.polina88@example.org
319,1020,2367,2022-12-24 17:45:59.704054,udoronina,0IiK13ajsE,udoronina10@example.org
320,14,4061,2022-10-19 06:31:34.605415,leonid69,ONujOzQ7K10,leonid6957@example.org
321,30,4044,2022-09-12 11:47:10.375930,vasilisa66,mQCHt1Tvhr,vasilisa6647@example.org
322,46,2749,2023-01-08 22:53:07.028204,sava.emelanova,cw1zdFFLiKAA,sava.emelanova86@example.org
323,62,1674,2022-11-28 20:54:20.119002,ignat17,ndb7GQ9Is,ignat1712@example.org
324,78,3883,2022-10-12 13:36:42.178828,mvoroncova,kHtuR2UFeIH,mvoroncova18@example.com
325,94,1541,2022-12-05 20:22:09.253597,kristina74,fU9I7iSrh,kristina7492@example.org
326,110,2140,2022-12-25 02:23:00.116326,leonid56,b7IP048w,leonid563@example.net
327,126,2092,2023-01-14 14:16:06.336956,ulia.zdanov,FGkCpkSH951S,ulia.zdanov25@example.net
328,142,1560,2022-09-13 18:27:40.505014,nika60,6DE56Q2gXOl,nika6094@example.com
329,158,514,2022-10-09 06:16:35.238376,osarov,iUGbQza5,osarov80@example.net
330,174,258,2022-10-10 12:51:28.644804,albina31,NqnDMJq5,albina316@example.com
331,190,2162,2023-01-08 03:22:44.453674,andreeva.aleksandr,9MYoIz7g,andreeva.aleksandr88@example.org
332,206,29,2022-12-28 18:48:41.886505,zinaida.kornilov,X0KFqa9hQ,zinaida.kornilov94@example.com
333,222,2158,2022-12-15 17:07:08.504508,klara.sarova,anA2HL1gc,klara.sarova64@example.org
334,238,637,2023-01-04 19:47:31.020088,florentina22,BXqgLOrsl,florentina2233@example.com
335,254,2852,2022-10-31 11:59:22.445064,bogdanov.dominika,YGsGW3nMY,bogdanov.dominika100@example.net
336,265,3919,2022-11-10 00:48:40.450946,xsubina,AXtILCQn6Bi1,xsubina85@example.org
337,281,758,2022-11-26 09:21:45.491048,faina.odincov,autpeSQIN3,faina.odincov20@example.com
338,297,1475,2023-01-13 07:18:45.171755,tharitonov,09HBSqXF6,tharitonov28@example.net
339,313,1360,2022-09-15 10:41:09.655953,zoa56,C22BQILeTE,zoa5645@example.com
340,329,3098,2023-01-07 13:12:24.532340,vladlen18,U5iPryShIZbs,vladlen1815@example.org
341,345,483,2022-11-09 05:18:25.513550,tretakov.nikolaj,SsaWPyZ6,tretakov.nikolaj32@example.net
342,361,2488,2022-09-20 20:15:25.004049,jorehov,BF5bTI4cz3,jorehov37@example.org
343,377,1971,2022-12-05 18:17:16.379452,garri42,zlleKMebv,garri4241@example.com
344,393,1041,2022-12-28 10:00:54.117657,nsarov,e5hnskqWJ,nsarov65@example.net
345,409,194,2023-01-25 08:39:47.724862,vhohlov,aqY5oIKyww,vhohlov2@example.org
346,425,24,2023-01-27 02:29:55.911978,akoroleva,ghMNJtgTd,akoroleva12@example.net
347,441,3647,2022-11-17 00:33:03.933757,zuravleva.an,kWbKoEGrM,zuravleva.an26@example.org
348,457,3713,2023-01-21 18:00:26.742080,klara08,PcGWmBv9f1,klara086@example.com
349,473,1006,2022-12-21 23:22:01.673754,dara07,4ULjzQMMylay,dara0764@example.com
350,489,3488,2023-01-20 04:45:24.049624,xaleksandrov,QoUGj3J5AK,xaleksandrov65@example.com
351,505,3616,2022-09-06 13:44:36.060547,inessa.teterin,eyncNmxu5,inessa.teterin17@example.org
352,516,834,2022-10-30 02:12:57.317745,msarapov,IrUTuMkB,msarapov88@example.org
353,532,1146,2023-01-26 18:36:35.953971,boris27,9tJNk4kDG,boris2771@example.com
354,548,1755,2022-09-02 22:31:24.902940,zzuev,yxADtlIy,zzuev44@example.com
355,564,2664,2023-01-15 11:36:26.964051,masnikov.akov,HplBoPCglXg,masnikov.akov41@example.net
356,580,2413,2022-11-20 04:10:57.613519,qersova,8s7BvL1e,qersova40@example.com
357,596,2902,2023-01-16 07:04:06.155360,esamojlov,cPodh9oIQ,esamojlov83@example.com
358,612,1341,2022-12-04 23:19:39.968950,ulia34,sA7nKuY2Uii,ulia3444@example.net
359,628,3340,2022-09-24 23:36:29.562186,vikentij.pavlova,WAd8rCOHos0,vikentij.pavlova71@example.org
360,644,3580,2022-11-12 23:32:00.970846,nelli.fadeev,fYiui5YUNgG,nelli.fadeev68@example.net
361,660,511,2022-10-10 00:07:11.071289,oleg46,lFhyHblVbRok,oleg4626@example.org
362,676,1781,2022-10-29 14:50:55.439888,xseliverstov,KXIGKTZR,xseliverstov4@example.com
363,692,3743,2022-10-03 15:33:50.728675,izabella.orehov,d15fVkQFwle,izabella.orehov71@example.org
364,708,3253,2022-09-14 14:18:33.221776,mihail.fokin,oDV8L4wKH,mihail.fokin5@example.org
365,724,22,2023-01-04 22:11:30.685438,xdenisov,GHfGBLOoBHR,xdenisov8@example.net
366,740,3160,2023-01-13 22:19:49.854527,igor.tihonov,k3AJzSYkMM,igor.tihonov52@example.com
367,756,3404,2022-10-02 14:11:52.044794,fadeev.illarion,dN2qUwbsjQ,fadeev.illarion45@example.com
368,783,845,2023-01-02 12:41:30.678625,tatana.blinova,eOXP33npwAod,tatana.blinova42@example.com
369,799,839,2022-11-05 06:44:54.123468,rudin,ToRZTuAiv6iZ,rudin68@example.com
370,815,2199,2022-10-06 18:07:41.101542,pavlov.vil,gDHZGqtlOuM,pavlov.vil78@example.com
371,831,2883,2023-01-05 18:34:05.375266,grigorij.gorbaceva,54YuaEmh3Od,grigorij.gorbaceva36@example.com
372,847,3346,2022-12-31 02:54:28.852128,pahomov.inga,AlgJMpYCDo,pahomov.inga49@example.org
373,863,1748,2022-09-02 06:42:31.922549,akov00,BdypSKp1RDys,akov0045@example.org
374,879,3048,2023-01-31 07:45:09.381952,doronin.nelli,KmciWkc93Z,doronin.nelli23@example.org
375,895,1167,2022-12-17 02:43:51.392943,bobrova.efim,HuMYFSFY,bobrova.efim27@example.net
376,911,1330,2022-09-25 09:59:01.726876,dsarova,eauOrOq9n,dsarova99@example.org
377,927,359,2022-09-12 15:18:45.401781,inessa07,mXujNUz3A4,inessa0742@example.net
378,943,2251,2022-10-12 18:29:27.197014,rodionova.nika,IatPt8sI,rodionova.nika70@example.com
379,959,325,2022-12-31 01:56:19.434805,romanov.lidia,BT3c8AyAeOXV,romanov.lidia26@example.net
380,975,2462,2023-01-02 05:44:31.384277,trofimova.nonna,hpsDQ8AsM,trofimova.nonna63@example.org
381,991,753,2022-10-01 19:49:39.780726,wignatova,3FpiovfU6,wignatova9@example.com
382,1007,2762,2022-10-24 15:49:19.820558,alisa.strelkova,8y1SVW5N,alisa.strelkova58@example.com
383,1023,2535,2022-12-26 01:40:15.344560,bronislav88,dRv8ZcQmFp1,bronislav8814@example.com
384,15,3973,2022-11-21 22:52:38.885810,vitalij.makarov,mB1qIJKQr,vitalij.makarov7@example.net
385,31,489,2022-11-22 03:29:21.907925,inga.efimova,10eH2ccz,inga.efimova35@example.org
386,47,2715,2023-01-07 10:13:10.632230,jnekrasova,6wv9QFggPr,jnekrasova71@example.com
387,63,2281,2022-11-16 08:38:07.166364,zinaida.kononova,v7w5T6QsY,zinaida.kononova53@example.org
388,79,2400,2022-12-14 07:55:31.435629,molcanova.makar,KReCnHcnBgz,molcanova.makar68@example.com
389,95,1075,2022-12-30 22:32:51.639826,vmakarova,0PWVF9Usc,vmakarova64@example.org
390,111,1664,2022-09-10 11:01:49.453735,panfilova.tit,zgLApWwAL9W,panfilova.tit100@example.org
391,127,2447,2022-09-22 15:52:37.352177,nika11,u4Pc7jrrg1xw,nika1139@example.com
392,143,257,2022-10-29 22:46:36.592904,raisa.kuznecova,4mu1D6gVi1,raisa.kuznecova96@example.net
393,159,1840,2022-11-30 06:27:32.103371,eduard31,IGaeE06t,eduard3167@example.net
394,175,474,2023-01-08 10:25:51.142810,moiseeva.ulij,cck5FJ1V,moiseeva.ulij71@example.org
395,191,1152,2022-12-29 00:31:07.664261,hmerkuseva,GarIOHySqr,hmerkuseva87@example.com
396,207,2418,2022-12-15 02:39:55.000139,lavrentij.savelev,XXJELDkqpfE,lavrentij.savelev53@example.org
397,223,358,2022-10-24 22:01:00.969682,maja80,gIuq6p0O,maja8027@example.net
398,239,1743,2022-12-07 10:43:59.276840,siraeva.albina,EkRJra5y2bs7,siraeva.albina39@example.net
399,255,3672,2023-01-22 08:16:11.432846,petrov.timofej,iSrHIS9F,petrov.timofej54@example.net
400,260,3847,2022-10-09 02:59:02.361608,zanna.kapustin,n8SAMbh04Q,zanna.kapustin78@example.com
401,276,4084,2022-09-06 23:45:23.981054,platon52,D3rqDb46C,platon5247@example.net
402,292,61,2022-12-08 16:31:46.420143,qtimofeev,ppXMuYg8,qtimofeev27@example.org
403,308,726,2022-12-20 23:26:03.008957,natala.safonov,hQN7rRntP,natala.safonov4@example.com
404,324,3156,2023-01-07 20:20:51.696825,nika.pavlov,XANHjVBvgm5,nika.pavlov61@example.net
405,340,3302,2022-09-11 12:20:03.918676,oleg62,S2938uI4,oleg6259@example.com
406,356,2477,2022-09-22 10:43:03.935398,mamontov.nikita,VmJgbgOtki,mamontov.nikita90@example.com
407,372,1558,2023-01-25 23:15:31.035881,kirill32,vvuwUdIfrPp,kirill3239@example.com
408,388,601,2022-11-25 04:31:06.945644,sarova.spartak,cOxl5jfiHW,sarova.spartak97@example.net
409,404,2789,2022-12-16 07:29:24.428960,matvej98,hQmg0fBAU,matvej9841@example.net
410,420,2560,2022-11-06 06:33:54.304919,maslov.eva,hugdJ3HkcZh,maslov.eva10@example.org
411,436,3813,2022-10-27 08:31:13.219545,vera38,s7LuKilpJO3,vera3833@example.org
412,452,3419,2022-11-07 11:57:40.606670,nazar32,dkKLBwPgI,nazar3237@example.com
413,468,3843,2022-09-06 22:54:29.286539,maslova.ludmila,nkNheubB11,maslova.ludmila64@example.org
414,484,2405,2023-01-01 05:32:34.898684,cmatveeva,wOZT9fT6FOL,cmatveeva31@example.net
415,500,1801,2022-10-19 03:16:06.249718,lilia.melnikova,Waz3f69g6Cwk,lilia.melnikova26@example.com
416,521,1433,2022-10-21 04:28:52.921748,noskov.artur,n2LWwjxcS,noskov.artur43@example.com
417,537,460,2023-01-02 10:38:50.020661,urij11,Hikg0rGo0,urij1115@example.org
418,553,461,2022-09-30 17:36:56.693401,kabramov,DHz0G7DlIXgU,kabramov84@example.com
419,569,1328,2023-02-01 22:15:23.649413,maslov.immanuil,ur0MtEjgM,maslov.immanuil36@example.org
420,585,1594,2022-09-10 03:59:03.748512,akusev.rodion,dRNaBIMSTLUm,akusev.rodion31@example.net
421,601,2444,2022-10-03 19:22:26.834082,stanislav09,ICAK7GxxNwP,stanislav0930@example.com
422,617,1452,2022-12-19 02:55:58.329172,timofej04,0reNrvApSSw6,timofej0437@example.net
423,633,1060,2022-11-07 18:32:31.197946,saveleva.gerasim,zWUv5CGKj5f,saveleva.gerasim69@example.org
424,649,2635,2022-10-16 19:03:07.672796,lubov64,Hc1nTqAPrq,lubov6464@example.org
425,665,1015,2022-11-11 12:17:26.232346,rozkova.zinaida,zeRCINWg,rozkova.zinaida26@example.org
426,681,2834,2022-10-08 22:11:41.338206,albert.lavrenteva,RqG2LdcAg3HC,albert.lavrenteva96@example.org
427,697,3499,2023-01-31 19:06:02.463078,emilia82,wyBBjztQ,emilia8230@example.net
428,713,1034,2022-10-23 15:45:08.941693,loginova.diana,rvso58HjaYi,loginova.diana28@example.org
429,729,2662,2022-11-08 12:03:27.947976,sava13,qLgZ502FD,sava1387@example.org
430,745,2801,2022-10-08 20:43:01.427693,xsaveleva,mMwBEkES,xsaveleva29@example.com
431,761,1049,2022-10-27 15:32:50.964888,epetrov,JdR6R1hV,epetrov41@example.com
432,782,1374,2022-12-25 06:02:19.830342,regina.kulikov,gSPFihgTcvtN,regina.kulikov11@example.com
433,798,550,2022-11-23 11:24:16.573163,robert99,bsA6hx9ef,robert9971@example.net
434,814,2056,2023-01-07 01:19:42.825436,david40,8lUMBki9AGJW,david4033@example.org
435,830,3073,2022-10-03 04:25:48.742742,panisimova,ZGPHQulF8P,panisimova69@example.com
436,846,1325,2022-10-30 03:30:55.151997,wignatev,wF8lQ0LecacX,wignatev56@example.com
437,862,3711,2022-10-22 22:48:14.678271,isaeva.alina,AsenSCTu4Zr,isaeva.alina16@example.com
438,878,1772,2023-01-26 12:06:15.451192,garri.kopylova,9JjTF7Bu,garri.kopylova69@example.com
439,894,2562,2022-10-23 09:00:14.621526,nikonova.bogdan,XHiGIswJVS,nikonova.bogdan1@example.net
440,910,93,2022-09-18 04:22:00.752187,kostin.nonna,j8j1BAJx,kostin.nonna7@example.com
441,926,962,2022-10-10 14:06:54.615829,hlavrentev,FrzXQNkf,hlavrentev66@example.com
442,942,3993,2023-01-26 17:40:10.775914,vladlena.fedotov,QwCsyr16Ncw,vladlena.fedotov10@example.org
443,958,1825,2023-01-11 11:28:01.898756,fomiceva.malvina,Df7iKjypp70,fomiceva.malvina23@example.org
444,974,3584,2022-09-29 05:34:47.495350,lusa.burov,QkfEnUsY4B,lusa.burov54@example.org
445,990,1024,2022-09-30 00:55:57.975992,zinovev.varvara,b9AW5h81R,zinovev.varvara6@example.com
446,1006,1132,2022-09-15 20:13:44.173898,ufilippov,ukegvyh0Ub,ufilippov13@example.net
447,1022,2186,2022-12-16 06:49:10.689689,inessa91,i9le9kA89Tkm,inessa911@example.net
448,12,3,2022-09-26 04:34:12.392193,rodion19,OdsHwVZwJBmL,rodion198@example.org
449,28,3557,2022-09-17 05:44:13.418250,marta05,MR01ol1SDO1,marta0584@example.com
450,44,316,2023-01-30 11:08:25.162311,dnesterova,wRRPxD6mm,dnesterova76@example.net
451,60,2039,2022-10-04 19:38:18.890876,klementina.mamontov,LyL0WMTqh,klementina.mamontov24@example.net
452,76,769,2022-11-27 21:07:23.897170,olesa83,JeEhGRixB,olesa8375@example.com
453,92,6,2022-11-29 10:41:52.466866,apollon.pestov,HFvmT1EbF,apollon.pestov53@example.com
454,108,2232,2022-10-28 02:56:33.113695,evgenia.pavlova,LLQ2KPErvXmx,evgenia.pavlova35@example.com
455,124,3598,2022-11-16 07:58:34.254351,mark.merkusev,LeAnpgJJq,mark.merkusev25@example.net
456,140,9,2022-10-26 20:06:10.054936,donat83,Yzd6sqh3id,donat8365@example.org
457,156,1370,2022-10-04 00:31:02.487544,tzimin,aqa0XHnH,tzimin90@example.net
458,172,1315,2022-09-30 22:08:36.149068,veronika34,4Y3iSsxBW,veronika3415@example.net
459,188,2160,2022-10-11 06:37:00.291678,pavel67,QyekPQdB,pavel6758@example.net
460,204,996,2022-11-14 10:02:44.758296,stepan96,GvHe6GoAA8HX,stepan9698@example.com
461,220,3871,2022-09-21 04:58:29.328970,samojlov.zoa,Q1AU2c5sfVS,samojlov.zoa42@example.com
462,236,3761,2022-09-03 05:00:00.069376,lavdeev,9QG3dAIa,lavdeev21@example.net
463,252,2816,2022-11-12 20:52:52.455306,taisia.vladimirova,64wdwkTCQ3pk,taisia.vladimirova64@example.net
464,263,2930,2022-10-08 14:05:13.594450,veselova.lusa,78EikB6p6R,veselova.lusa39@example.com
465,279,1994,2022-11-15 09:43:44.740943,dominika16,OpluDchb2c,dominika1643@example.org
466,295,2145,2023-01-10 05:38:48.654814,doronina.sofa,zbCt5flZfdi,doronina.sofa18@example.net
467,311,2758,2022-12-06 04:14:34.600191,stanislav27,MCtwmhraYkV,stanislav2715@example.net
468,327,2702,2022-10-23 17:57:07.763195,polakova.gerasim,OabvqPhJp,polakova.gerasim43@example.net
469,343,3613,2023-01-16 10:56:32.055256,taisia.popova,gkOtpw2p,taisia.popova89@example.org
470,359,2857,2022-12-26 07:00:57.541578,vasilisa.belakova,TEBclpHB,vasilisa.belakova61@example.org
471,375,2791,2022-12-03 15:40:27.265290,polina.fedorova,pwttqOX3RK,polina.fedorova93@example.com
472,391,602,2023-01-26 15:09:14.009065,klementina13,44jHBi5LBm,klementina1355@example.net
473,407,1652,2022-12-07 16:55:32.323332,kabanov.kuzma,MVN207bw,kabanov.kuzma67@example.com
474,423,1504,2023-01-20 20:11:07.350004,kristina.silin,tnJuMuLmpcO,kristina.silin82@example.com
475,439,2799,2022-11-22 17:03:23.609329,vadim.masnikov,8Ma4pPmi,vadim.masnikov37@example.net
476,455,214,2022-09-28 05:00:16.200771,ekaterina12,NdcicjOdSVr,ekaterina1244@example.org
477,471,3553,2023-01-11 08:05:57.212962,frolova.lusa,IwKDj1JhG,frolova.lusa86@example.com
478,487,3802,2022-11-13 11:53:45.415148,anfisa.doronina,SZ4lzozfj0u,anfisa.doronina14@example.com
479,503,3935,2022-11-09 14:30:40.681400,renata23,3zS2kRjV,renata2334@example.org
480,518,1046,2022-12-19 16:09:13.167334,zajcev.ignatij,xRhDQhBUqoJ,zajcev.ignatij73@example.com
481,534,2650,2023-01-15 22:41:13.266234,larisa05,Ld0WnQ09,larisa0524@example.org
482,550,1436,2022-11-30 13:18:59.127584,florentina.belaev,5Mlz5jjUr,florentina.belaev31@example.org
483,566,3631,2022-12-25 14:25:17.083838,nonna75,uCnTrslPP,nonna7571@example.org
484,582,2369,2023-01-24 16:20:46.627625,nika15,TiaYxvSwAZNd,nika1530@example.net
485,598,3204,2023-01-13 12:21:34.089984,lzueva,Cl42sU4oUu,lzueva90@example.net
486,614,205,2022-11-03 04:34:40.319019,anzelika58,YYzyKZ99mS5i,anzelika5814@example.com
487,630,3135,2022-09-23 14:13:52.322717,diana.fadeev,otbdfSyo,diana.fadeev9@example.net
488,646,2414,2023-01-07 04:50:17.554691,pkirillov,LXPAFOp7nt,pkirillov44@example.com
489,662,1728,2023-01-02 02:23:21.131138,alena.maksimova,SoE4VgHunyk,alena.maksimova59@example.com
490,678,3800,2022-11-10 16:52:35.348714,qevdokimova,mnC10ePG42,qevdokimova53@example.net
491,694,2141,2023-01-16 18:50:44.069708,nekrasov.anastasia,AGRUGfa3e7n,nekrasov.anastasia4@example.net
492,710,791,2022-11-14 04:33:28.372074,vasilev.olga,l3USga8Txb1A,vasilev.olga75@example.com
493,726,197,2023-01-11 11:36:14.582506,pestova.miroslav,fq9Pf9YcFtN3,pestova.miroslav23@example.net
494,742,3612,2022-09-13 07:32:15.094660,msafonova,wZz5Ba45CU7,msafonova20@example.com
495,758,2958,2022-10-12 10:03:32.469322,rada.odincov,PaLutVlIBcCc,rada.odincov40@example.net
496,769,2634,2022-09-14 22:23:14.525514,msorokina,QZvOT2jT,msorokina74@example.com
497,785,3136,2023-01-21 01:29:42.023996,semen.dackov,VPKoPJ1JbBC,semen.dackov18@example.net
498,801,4,2022-12-01 00:58:56.483252,rkondrateva,ilK9K0IA6Q0,rkondrateva55@example.org
499,817,3845,2023-01-06 17:38:05.900268,fedoseeva.margarita,6udcCQamtma,fedoseeva.margarita72@example.net
500,833,2642,2023-01-08 01:21:27.958360,tmatveev,3si06jfz6,tmatveev51@example.com
501,849,2836,2022-10-16 13:43:40.759821,isaev.klim,UomD7Drhw,isaev.klim59@example.com
502,865,3140,2022-12-15 09:17:07.216799,noskova.vera,70zsZaBu,noskova.vera59@example.com
503,881,64,2022-11-21 18:05:58.295944,akim.samsonov,cWOILLA1,akim.samsonov66@example.org
504,897,364,2022-10-08 23:58:04.516056,gordej.rozkov,gjH19gKnxMu,gordej.rozkov78@example.net
505,913,2356,2022-11-04 22:52:51.031027,kozlov.dan,wCk5rqIKj8,kozlov.dan46@example.net
506,929,1096,2022-12-06 02:49:56.731696,rarhipova,lp090VJoF,rarhipova95@example.org
507,945,3513,2022-11-01 08:05:27.882725,kostina.timur,YSCMY47e8UE,kostina.timur85@example.com
508,961,3770,2022-09-07 15:32:05.239768,kovaleva.nonna,kUWTiQygn,kovaleva.nonna2@example.com
509,977,3680,2022-11-05 01:09:16.399423,yfedotov,NwXacuBLQsdU,yfedotov3@example.com
510,993,633,2022-10-26 01:34:42.708987,florentina.gromov,Sys7aD9obt,florentina.gromov79@example.org
511,1009,2131,2022-12-21 08:30:07.648386,orehov.aroslava,QtfSrgEmpwKl,orehov.aroslava34@example.net
512,1024,1675,2022-10-17 23:49:03.422632,krylova.alisa,XhP0bya6Yt,krylova.alisa39@example.net
513,13,2886,2023-02-02 11:00:56.406226,fomiceva.gerasim,4LNtG5B0s,fomiceva.gerasim59@example.net
514,29,965,2022-11-04 07:43:10.826690,tlapin,995goEUsiX22,tlapin85@example.com
515,45,3014,2022-11-02 08:14:17.692162,otimofeeva,DBJICnjD,otimofeeva33@example.org
516,61,901,2023-01-26 07:41:43.945568,odincov.prohor,kqKBbn3oTh,odincov.prohor15@example.net
517,77,394,2022-11-23 15:28:57.976532,illarion.rybakov,6Oldd4OiHllj,illarion.rybakov80@example.com
518,93,2082,2022-09-23 12:33:09.112164,zanna.gromova,TJledBm3sy5,zanna.gromova21@example.com
519,109,987,2022-12-10 05:51:43.937352,eva.muraveva,tctx4MRrVl,eva.muraveva55@example.net
520,125,3929,2022-12-17 07:00:04.301352,izolda28,ApevUBImn,izolda2813@example.org
521,141,3630,2022-10-07 22:43:19.431753,maksim68,ztwkUCHH,maksim684@example.net
522,157,267,2022-11-16 19:44:07.527086,ignat06,sTfb7AX9T,ignat0687@example.net
523,173,558,2022-11-02 06:13:04.748832,viktor.fedorova,834dYqlIdc3F,viktor.fedorova76@example.net
524,189,3074,2022-11-08 12:28:48.240556,vikentij.kulakova,Rt0YCQSC,vikentij.kulakova61@example.net
525,205,3566,2022-09-04 13:07:23.615122,svetlana.martynova,2JIcJCLYSEq,svetlana.martynova2@example.net
526,221,1959,2022-10-31 14:44:02.760734,spartak30,3zgmk12KB,spartak3019@example.net
527,237,1499,2022-11-01 14:01:15.328995,suhanov.nestor,OzsnqsCMxrOx,suhanov.nestor95@example.com
528,253,1442,2022-09-21 11:31:03.478540,regina27,cDL7LAQJfmGo,regina2712@example.com
529,258,276,2022-10-21 01:38:51.921436,lmiheev,nTMjVGyLsR,lmiheev62@example.net
530,274,3343,2022-12-01 22:41:41.227498,seliverstova.danila,Fr9FIVL7Gqs2,seliverstova.danila66@example.net
531,290,1792,2022-09-04 11:39:24.295981,albert20,HqjDqL6jhY,albert2056@example.org
532,306,2653,2022-11-06 10:40:36.622940,frolova.klavdia,ymkDseWE,frolova.klavdia17@example.net
533,322,2559,2022-11-10 00:42:20.015312,sergej.arhipov,jFnXhteMM,sergej.arhipov89@example.net
534,338,1527,2022-11-22 19:34:45.108210,zanna25,EazOxQI0,zanna2539@example.net
535,354,2876,2023-02-01 07:21:58.303438,nikodim.voroncova,2Zs0UKbb4,nikodim.voroncova39@example.org
536,370,3955,2023-01-22 14:09:28.214030,olytkina,aTMkanNLvsI,olytkina64@example.net
537,386,3240,2022-09-06 22:22:39.772213,jkonovalova,2RmPFMprO9os,jkonovalova81@example.net
538,402,2906,2022-11-28 18:06:57.784738,savina.margarita,2JIxYc6I0OT,savina.margarita22@example.org
539,418,516,2022-11-15 06:59:12.338125,trofim54,grLIBq3f,trofim5447@example.com
540,434,130,2022-11-14 21:00:46.204215,samsonova.iraklij,IjvFvf7DIs6,samsonova.iraklij31@example.org
541,450,32,2022-09-06 04:20:10.774509,dominika.simonov,7yA86YOB,dominika.simonov8@example.com
542,466,1385,2022-11-06 09:03:17.166100,zzimina,3njPHnyT,zzimina88@example.org
543,482,2538,2022-10-25 10:23:45.537055,pavel39,uG0yAoK4p,pavel3944@example.com
544,498,819,2022-10-01 10:23:55.504291,tit08,3SV88hzs,tit0842@example.org
545,515,649,2022-11-17 08:14:14.538529,frusakov,mk8fnTf5Pi6,frusakov22@example.com
546,531,4093,2022-09-29 08:14:01.473744,rozalina.kulakov,pQhOXWcN7K,rozalina.kulakov92@example.com
547,547,3505,2022-12-15 14:18:29.638171,gromova.lilia,6dxgXoLHu9,gromova.lilia61@example.org
548,563,1578,2022-10-02 01:38:24.796216,anfisa.zuev,KTuMOFJB4,anfisa.zuev83@example.net
549,579,3028,2022-12-11 01:53:09.547603,roman.nikonov,LI9xMo4aCN,roman.nikonov16@example.org
550,595,2352,2022-10-15 19:26:14.050914,albina02,g4xo4iYrk,albina0288@example.net
551,611,2475,2022-10-03 18:58:37.904234,ckrukov,Zg0AhvEXbbYW,ckrukov83@example.net
552,627,959,2022-09-16 18:00:53.040710,konstantin89,np5wvzSY,konstantin893@example.com
553,643,2471,2022-12-08 06:54:47.768246,klavdia.visnakova,Kb5M5OJIYtZY,klavdia.visnakova52@example.com
554,659,2623,2022-09-16 02:37:57.369797,avgust.subbotina,BC1A5GINW,avgust.subbotina26@example.net
555,675,603,2022-10-05 18:38:53.855134,petr.krasilnikov,QEewf8vXz,petr.krasilnikov42@example.com
556,691,841,2023-01-07 13:23:58.224131,ynazarova,Fa5poH0JYWoI,ynazarova6@example.com
557,707,70,2023-01-09 18:01:56.246684,eva99,p1w5aMqxa8h,eva9984@example.com
558,723,1456,2023-01-24 13:47:57.398260,qsitnikova,p0sUmXJmi,qsitnikova91@example.com
559,739,774,2022-10-29 04:45:04.766406,kolesnikov.svetlana,pp1WT52cw,kolesnikov.svetlana14@example.net
560,755,2796,2022-10-28 19:31:18.357008,kononova.arkadij,dIcUrmEv3h,kononova.arkadij81@example.com
561,776,2671,2022-11-23 12:55:37.097490,fsukina,AwQJE1Tqe,fsukina14@example.com
562,792,2478,2022-11-07 06:08:04.402080,ksenia.naumova,EFEbVSE2DqI,ksenia.naumova68@example.org
563,808,1159,2022-10-30 19:23:17.277944,hnovikova,7L37CMX8gD,hnovikova15@example.net
564,824,2360,2022-12-06 10:22:52.515496,karpov.gavriil,PPcSZvLWqnB,karpov.gavriil87@example.net
565,840,4025,2022-12-04 09:38:22.481416,bolsakov.tit,lpifEIMj3D,bolsakov.tit22@example.net
566,856,1924,2022-12-07 05:25:13.704858,rogova.alina,R5tt7uxxXy6,rogova.alina59@example.org
567,872,3502,2022-12-03 17:46:15.332415,bnovikova,TnNGWk99XRv,bnovikova99@example.org
568,888,3964,2022-11-10 14:31:49.204262,vera77,L6cYGD3Wj,vera7784@example.org
569,904,3072,2022-10-26 01:42:18.198973,abram56,4uRzjQb0q2,abram5637@example.com
570,920,1404,2022-12-08 05:29:18.729963,rodionova.tamara,wfvx3G70P,rodionova.tamara26@example.com
571,936,159,2022-11-17 02:02:58.247810,milan.petrova,eAZYl0nI,milan.petrova69@example.net
572,952,2265,2022-12-13 18:36:19.200732,stepanov.iraklij,HgWW7EB1CS,stepanov.iraklij70@example.org
573,968,2908,2023-01-17 03:13:10.448901,panfilova.vitalij,UwaV7j78XlY,panfilova.vitalij80@example.com
574,984,978,2023-01-30 05:54:13.637486,dementev.evgenia,fVu9qhT4V,dementev.evgenia77@example.org
575,1000,3290,2022-11-15 15:52:39.541664,xsuhanova,NDmzOprjGKx,xsuhanova7@example.com
576,1016,2734,2022-10-07 16:44:42.394127,aleksandr18,09EDc3CTF,aleksandr1862@example.org
577,3,3231,2023-01-14 10:58:05.929217,mmolcanov,upv0iIrxoSp,mmolcanov41@example.net
578,19,1112,2023-01-21 01:48:29.456384,sava.cernova,RfEPgtqq68,sava.cernova92@example.net
579,35,2639,2022-12-16 02:28:21.191349,dmitrij12,xaSjqx0G,dmitrij1239@example.org
580,51,180,2023-01-19 12:49:07.145068,zahar.emelanova,mV5KBcZz8,zahar.emelanova10@example.com
581,67,2590,2022-09-01 15:55:02.428356,orlov.fedor,1oJeSkqL,orlov.fedor14@example.org
582,83,28,2022-11-28 19:35:58.822476,bragin.ksenia,FUV7mFSQSpKL,bragin.ksenia81@example.net
583,99,8,2022-12-07 13:34:02.310052,emilia.gusina,MGxFo2qh,emilia.gusina5@example.com
584,115,1415,2023-01-29 02:52:04.245710,zinaida87,cl2L18FJN,zinaida8717@example.org
585,131,2365,2022-11-13 12:39:37.080408,anastasia70,eI327At1,anastasia7025@example.org
586,147,1975,2023-01-19 21:58:59.026630,rogov.urij,kAbFAmlTw6HR,rogov.urij34@example.net
587,163,1440,2022-09-24 11:50:15.686814,sobolev.marina,QB2J1Z6zOTqo,sobolev.marina4@example.com
588,179,3969,2022-12-31 13:54:53.892078,savva.maslova,kiNZNbS0f,savva.maslova26@example.com
589,195,1483,2022-11-16 22:08:54.375523,zevseev,CU21Om33exXj,zevseev7@example.net
590,211,2086,2022-10-23 20:01:35.685593,aleksandr58,UduTq4a6rpgW,aleksandr5895@example.org
591,227,2486,2022-10-10 17:57:50.940953,olesa.volkova,afKRh5fQt,olesa.volkova70@example.com
592,243,994,2022-11-10 13:17:26.318029,kotov.ignat,wZHkEq94X8b,kotov.ignat85@example.org
593,264,2938,2022-10-30 09:56:19.416754,ignat.samsonova,kL4wGgwOCb,ignat.samsonova23@example.com
594,280,2053,2022-09-22 07:58:06.679848,dkulagina,W4kXA3dnLfp,dkulagina34@example.com
595,296,243,2022-10-14 01:06:21.308157,nestor.ignatev,7MsfJQve,nestor.ignatev24@example.net
596,312,1230,2022-09-12 17:06:28.428121,klavdia.ignatev,eIudS2m6HqA,klavdia.ignatev37@example.net
597,328,3693,2023-01-12 07:26:41.936741,qzaharova,dRsmSW1ObYnW,qzaharova77@example.org
598,344,2327,2022-12-21 22:22:37.783006,inna.vorobeva,iMUN044b6SGM,inna.vorobeva54@example.org
599,360,2023,2022-10-02 09:36:39.795350,akovlev.izolda,Kx7knOK9kxkg,akovlev.izolda78@example.net
600,376,1129,2022-10-22 23:01:38.726334,aksenova.raisa,0ZkY8dJy,aksenova.raisa96@example.com
601,392,1011,2022-12-01 03:24:25.754633,xzimina,fdW5dIDyssMA,xzimina58@example.net
602,408,3697,2022-10-31 04:23:57.495348,zgorskov,fsXvn8LoIiyT,zgorskov53@example.net
603,424,108,2023-01-04 20:19:28.012508,ybelakov,hSvgXqqM,ybelakov93@example.com
604,440,1827,2022-10-18 12:49:19.534863,nazar.sukin,sZsRoMAxo,nazar.sukin45@example.com
605,456,390,2022-12-24 23:48:35.145456,vorehova,y6BXY3j9y,vorehova64@example.net
606,472,2398,2023-01-07 05:28:15.437247,bespalov.vsevolod,gaQmIavijLy,bespalov.vsevolod66@example.net
607,488,1760,2022-10-30 07:11:32.373982,milan08,d63Tlqo0St,milan0812@example.net
608,504,2194,2023-01-15 21:14:49.519134,makar08,mg8881RfBgf2,makar085@example.net
609,525,4079,2022-12-13 00:00:55.109257,albina53,33fjoxNhxCW9,albina5367@example.net
610,541,3628,2022-09-19 08:26:41.968432,gsimonova,t9Z6gDad9,gsimonova43@example.org
611,557,2262,2023-01-19 06:33:33.351140,innokentij89,MQE44pLprL,innokentij8992@example.net
612,573,3970,2022-09-05 18:40:29.716895,pignateva,Jja4z4qrwnLK,pignateva94@example.com
613,589,1854,2022-11-17 19:33:57.171315,vtitov,dshC1FZhM0bM,vtitov63@example.org
614,605,3000,2022-11-22 21:54:17.364830,vorlova,Trr6CdNX4ARs,vorlova69@example.net
615,621,2048,2023-01-28 19:30:09.789687,vaceslav94,IudCHxqnqG,vaceslav9454@example.net
616,637,3668,2022-11-30 01:20:02.321528,golubev.egor,EelDLgpk38,golubev.egor83@example.net
617,653,3002,2022-10-29 18:29:18.042848,polina10,raVqGrfyEZEP,polina1019@example.net
618,669,2905,2022-09-23 13:06:50.875247,eva28,NcHrKNTfLX,eva2890@example.com
619,685,942,2022-12-29 03:59:35.664774,xfadeeva,8jeLe0e3w4,xfadeeva64@example.net
620,701,3369,2022-09-19 01:36:14.553913,imatveev,zJUUFAPk4,imatveev3@example.org
621,717,3726,2022-09-15 01:13:02.758202,wbogdanova,i1Gqje9EZAyq,wbogdanova31@example.org
622,733,583,2022-09-13 12:38:46.328481,kononov.taras,pJTsBGUVU,kononov.taras17@example.com
623,749,4067,2023-01-11 20:53:43.389248,vadim.nesterov,Re9chULMC7o,vadim.nesterov76@example.net
624,765,3336,2022-12-07 01:41:27.604840,gennadij71,sSTjvFTJqBRN,gennadij7142@example.org
625,770,518,2022-12-23 03:30:15.446480,lada37,ZPhYKNWGTN,lada3717@example.net
626,786,1448,2022-10-15 05:33:56.392548,ekaterina.gavrilova,XRPQOoFyXk8,ekaterina.gavrilova21@example.com
627,802,929,2022-11-12 03:38:02.409548,bromanova,f5y2wXq5uhA2,bromanova39@example.net
628,818,3664,2022-09-04 07:46:06.120408,mvinogradov,LYH0zu8KoQ,mvinogradov47@example.org
629,834,2263,2022-10-22 12:22:05.003274,valerian.kononova,RU5jglcb,valerian.kononova67@example.com
630,850,4037,2022-09-29 13:36:39.940820,fmuhina,9hpoBNPf,fmuhina11@example.net
631,866,1563,2022-11-13 00:39:37.626532,rafail72,aL2RVx72,rafail7264@example.net
632,882,2868,2022-12-19 02:20:33.446754,gusev.vaceslav,7VZNfGLgKzQ0,gusev.vaceslav30@example.com
633,898,995,2022-10-20 22:28:38.586762,taisia07,0AtacPofEfw,taisia0765@example.net
634,914,2539,2022-09-20 17:32:53.597998,nika49,PKc7jJUeUtwM,nika4934@example.org
635,930,1809,2022-10-27 23:04:48.904703,anfisa.loginova,MRTm8SLAnKR,anfisa.loginova96@example.com
636,946,2760,2022-12-16 07:26:48.478086,odackov,30GPv8CrN,odackov68@example.net
637,962,2670,2022-12-13 15:27:43.694577,faina.tihonov,KsnvWmCXqQK,faina.tihonov48@example.net
638,978,2704,2023-01-15 05:18:50.039147,vkononov,V7MvmeG9cnUz,vkononov50@example.org
639,994,1251,2023-01-28 14:20:48.528948,szinovev,PTBHttdc,szinovev99@example.org
640,1010,2060,2023-01-29 01:13:01.172294,inna.mamontova,kQmkKh4qTb,inna.mamontova68@example.com
641,16,1387,2022-10-09 00:09:48.974718,ulana77,ebRhNTfbzE,ulana7798@example.com
642,32,3114,2022-12-31 05:54:02.644344,emma.evseeva,ilu6HOBq,emma.evseeva75@example.com
643,48,2072,2022-12-22 18:00:16.294460,kopylov.vitalij,vOwNCCmvN,kopylov.vitalij47@example.org
644,64,1564,2022-09-26 17:42:12.914056,tit84,Zl7yhqjS2,tit8468@example.com
645,80,3846,2022-12-31 03:23:12.032120,subbotin.dominika,PX5KE36co5,subbotin.dominika36@example.org
646,96,909,2022-09-14 08:11:30.263056,spartak72,jSWcAjw6g,spartak7236@example.com
647,112,2121,2022-09-07 20:16:50.759246,osipov.anatolij,PTgAIDBEDvL,osipov.anatolij66@example.org
648,128,2003,2022-11-12 06:29:41.275070,izabella.kuzmina,hUpfsxLaKfYo,izabella.kuzmina11@example.org
649,144,3876,2022-11-03 04:37:19.574603,sitnikov.gennadij,WlaReOFiAo,sitnikov.gennadij95@example.com
650,160,210,2022-09-24 04:45:48.471661,ynoskov,41qboRRj,ynoskov83@example.net
651,176,2014,2022-10-30 20:05:03.369118,ofedotova,PpnNJYl7YwWu,ofedotova80@example.org
652,192,403,2022-09-15 20:24:08.610985,rbelousova,BMKer8yRNn,rbelousova75@example.org
653,208,975,2023-01-31 11:28:31.009844,boleslav.rusakov,ZOkhxreHz,boleslav.rusakov8@example.net
654,224,1789,2023-01-03 17:52:20.347615,rozalina96,u8wdNZQP,rozalina9694@example.org
655,240,3433,2022-12-29 22:38:50.459766,smirnov.marina,qIuwHfEU2,smirnov.marina82@example.org
656,267,3260,2022-09-08 16:39:29.102968,donat45,mlm3YmPq,donat4545@example.net
657,283,2259,2022-09-28 12:27:36.136138,matveev.arkadij,jrKuos13,matveev.arkadij4@example.com
658,299,2570,2022-12-19 05:06:00.207676,maja93,N9fXXGAqljVX,maja9361@example.net
659,315,3362,2022-10-13 00:54:33.823965,evseev.faina,x3ZUOSn3vteE,evseev.faina8@example.com
660,331,2424,2022-11-11 13:05:22.616784,panov.savva,x7yh2GvMr,panov.savva38@example.com
661,347,559,2023-01-20 06:54:19.990042,inessa.krasilnikova,rvD1BO4PAU3,inessa.krasilnikova82@example.com
662,363,2918,2022-11-22 18:29:39.906258,evgenij.veselov,0tGwJca5E,evgenij.veselov7@example.org
663,379,2752,2023-01-17 02:51:22.854505,lytkin.vera,mqhcB6GZ,lytkin.vera46@example.net
664,395,3975,2022-12-16 23:55:23.072353,stefan87,4Iwp0q0O,stefan8754@example.org
665,411,1494,2022-12-29 22:24:59.558338,zaharova.alla,Sq1xXq9ki1,zaharova.alla14@example.com
666,427,2047,2022-11-23 17:25:20.410476,avgust.filippova,FkyhORqlpqXs,avgust.filippova40@example.org
667,443,1546,2022-09-17 11:07:05.127540,isaeva.inessa,HtiuaZMW2Npb,isaeva.inessa51@example.com
668,459,1615,2022-10-06 12:50:05.810451,donat26,wr6GxaQYd,donat265@example.net
669,475,318,2022-12-18 09:56:29.283528,erik24,ry9MfMxgSky,erik2494@example.org
670,491,94,2022-10-02 06:57:19.905019,albina98,b5Uu5MbpUi,albina9837@example.org
671,507,2747,2022-12-15 07:34:57.074470,gennadij52,FIbmAMDbu,gennadij5271@example.org
672,522,2334,2022-09-12 21:09:55.845853,isitnikov,r1dBEsHE3PW,isitnikov26@example.com
673,538,3044,2022-11-21 09:23:34.686191,stepan41,kij11wAag,stepan4129@example.org
674,554,1783,2022-10-06 09:04:44.177256,egorov.diana,drDDiUk7F,egorov.diana26@example.com
675,570,3971,2022-11-19 16:53:46.096510,lazarev.savva,te45PCzE,lazarev.savva73@example.org
676,586,2728,2023-01-06 16:25:46.658063,akim.danilova,Z0nYCGkkG,akim.danilova13@example.org
677,602,2242,2022-10-03 08:45:17.706897,hagafonova,LmUzFYTm,hagafonova93@example.net
678,618,2793,2022-12-13 12:56:43.335755,ludmila.ivanov,S58O7EulIhSS,ludmila.ivanov91@example.org
679,634,3835,2022-12-08 04:33:14.377783,kabanov.marina,oPRd8Hd6,kabanov.marina50@example.net
680,650,491,2022-09-26 20:07:32.287120,valerian34,lvr0OYXvRPtl,valerian3419@example.org
681,666,887,2022-12-28 21:11:56.179660,lev.serbakova,cAUYFoNg,lev.serbakova21@example.com
682,682,3595,2022-10-30 17:54:45.768954,raisa53,oEWHJ2xNCLSD,raisa5313@example.org
683,698,3836,2022-10-02 20:41:56.561700,gusin.ignatij,yLRrOn3cEXmr,gusin.ignatij65@example.com
684,714,1709,2022-12-30 22:49:16.814205,pestov.pavel,cnqDeBDihk1Z,pestov.pavel100@example.net
685,730,3211,2022-10-08 17:59:51.860676,rada27,h9btKhkl,rada2734@example.net
686,746,79,2022-11-12 05:23:37.082933,vladimir24,3V1HviGt,vladimir2438@example.net
687,762,2573,2022-11-17 06:34:56.961307,vil.aleksandrov,5jA1xLoair,vil.aleksandrov81@example.org
688,773,1649,2023-01-04 18:04:23.803155,kirillova.erik,RViF0juR,kirillova.erik87@example.net
689,789,2501,2022-12-20 19:37:28.503904,zinaida92,Azb7EQ2nnRR,zinaida9236@example.org
690,805,2173,2022-12-09 12:31:50.448700,tarasov.emilia,cQgCNccQ7,tarasov.emilia19@example.org
691,821,2085,2022-10-14 18:34:28.710646,akim92,SUM0e57S6ZI,akim9247@example.org
692,837,768,2022-09-05 08:57:39.762619,skudrasova,Aj0g3oPvi91S,skudrasova37@example.com
693,853,721,2022-10-07 02:54:32.150158,irina33,T03P1OMIzE,irina3391@example.net
694,869,3075,2022-10-22 11:11:55.698042,cgordeev,sEhpbJL5Q,cgordeev71@example.com
695,885,1335,2022-11-27 14:32:26.443610,zinaida.semenov,4jXfVHSv,zinaida.semenov52@example.org
696,901,3629,2022-11-19 02:43:54.570474,svetlana37,BD8StmN6u,svetlana3740@example.net
697,917,713,2022-12-03 15:34:29.753408,olga67,F5gydnYDUPeu,olga676@example.net
698,933,731,2022-10-06 22:39:40.034070,vladlena.afanaseva,2ihNq567HtD,vladlena.afanaseva37@example.org
699,949,2553,2022-09-20 22:14:50.644281,emilia58,KMIFPlQBuhUH,emilia5887@example.net
700,965,218,2023-01-11 12:30:52.209950,nnikonova,5vjvAOtx90fZ,nnikonova59@example.com
701,981,3798,2022-11-02 16:37:35.462104,arabov,9INFwxIkTI4,arabov67@example.com
702,997,2301,2022-12-24 22:03:09.237786,antonin58,xagME8e5,antonin5811@example.org
703,1013,383,2022-12-13 06:09:29.795863,marta14,6nV5i4n1B,marta1492@example.com
704,10,3732,2023-01-28 21:15:34.996136,lkolesnikova,M5lMymCiTFF1,lkolesnikova95@example.com
705,26,817,2022-11-05 15:53:41.695582,gtarasova,23Dhibaiq3O,gtarasova20@example.com
706,42,707,2022-11-10 18:17:33.604786,nestor94,Yym8jbMJ,nestor9458@example.org
707,58,255,2022-11-07 10:07:33.385378,vladislav.blinov,obg5P9wyq7hi,vladislav.blinov46@example.com
708,74,2575,2022-10-03 19:14:23.039722,kirillova.ulia,IIproDoQfoLI,kirillova.ulia84@example.com
709,90,1818,2023-01-12 15:46:57.657941,osipova.stanislav,lYv7DzAz82i,osipova.stanislav43@example.net
710,106,2371,2022-12-18 20:33:08.848208,timofeeva.regina,SrhtPh5JyB,timofeeva.regina25@example.com
711,122,2484,2022-10-01 18:04:08.784327,natala83,REma32olsn1,natala8384@example.org
712,138,2261,2022-10-13 02:26:02.515175,fedosa99,6Yf3qnzcMk4,fedosa9971@example.org
713,154,3928,2022-12-10 14:36:56.366547,wbragin,teZDJAv8oy,wbragin6@example.com
714,170,2800,2023-01-05 17:37:23.242603,martynova.lidia,WIL6IbeCtFnP,martynova.lidia52@example.net
715,186,1863,2023-01-22 18:27:31.597118,zdanova.lavrentij,2VrVVxA4Ai,zdanova.lavrentij9@example.com
716,202,2891,2022-11-12 11:18:37.121534,ltrofimov,CiaTtrqUT,ltrofimov78@example.com
717,218,3884,2022-09-12 07:13:18.331605,bobylev.alena,Yyb9QdiVO8q7,bobylev.alena61@example.org
718,234,2156,2022-09-02 22:21:39.670708,taisia04,7rH4EJqR,taisia0495@example.com
719,250,2274,2022-12-15 22:17:19.576726,korolev.veronika,wgoGYN6Pu,korolev.veronika44@example.org
720,261,15,2022-12-18 08:19:18.861481,klementina25,0Yez4Xux0,klementina2557@example.com
721,277,26,2022-09-19 13:10:28.918322,semen.lukin,FKr5t7uxkTp,semen.lukin80@example.org
722,293,2240,2022-09-28 05:29:31.074132,illarion.gorbunov,gdt8rBIn8,illarion.gorbunov29@example.org
723,309,3765,2023-01-09 02:41:23.911103,makar17,9eedaCCaiH8Q,makar1738@example.org
724,325,748,2022-12-23 19:45:50.805585,cstrelkova,l0RqpCYP,cstrelkova32@example.org
725,341,80,2022-11-24 11:39:05.452791,torlova,v6w0sCc8Umg,torlova12@example.net
726,357,320,2022-12-19 07:07:42.171892,ila.popov,Mjny4EOvaS,ila.popov32@example.com
727,373,347,2022-11-11 08:26:43.236298,antonina44,KanDnAlRirb,antonina4481@example.com
728,389,1631,2022-12-29 20:56:11.933404,gusin.dmitrij,RdMVNhC5F,gusin.dmitrij38@example.com
729,405,2937,2022-12-25 21:38:25.417348,rafail.ilin,hiY3bl8JT,rafail.ilin48@example.net
730,421,1861,2023-01-15 04:49:04.286934,pahomov.irina,cgxdZbtp,pahomov.irina99@example.net
731,437,3821,2022-12-12 21:27:45.178777,evgenij.zinoveva,Slga3GmYqS4,evgenij.zinoveva88@example.net
732,453,900,2022-11-07 10:00:51.583734,galkin.avgust,ZN6oHGdI,galkin.avgust31@example.org
733,469,11,2023-01-10 17:01:59.258470,aleksandra.bragin,Ytw86DvJC,aleksandra.bragin16@example.com
734,485,3927,2022-12-16 14:07:00.873088,immanuil87,PtkGvtLQRcHh,immanuil8734@example.com
735,501,1077,2022-09-05 19:02:28.769206,gfedoseev,wrOoHna02,gfedoseev43@example.net
736,512,2285,2022-12-08 12:50:05.033268,fedosa.udina,h0vk6lyvOK16,fedosa.udina37@example.net
737,528,1895,2022-12-01 13:12:17.643260,rtimofeeva,PbnlXzXR5z,rtimofeeva52@example.org
738,544,908,2023-01-10 01:23:54.322241,kulakova.matvej,RTgaeaNM,kulakova.matvej20@example.net
739,560,3685,2022-09-28 14:12:26.224572,zkovalev,HAdDjeU08eP,zkovalev3@example.org
740,576,506,2022-12-04 00:31:30.777030,tamara.nikiforov,odXXVp4YvLn,tamara.nikiforov22@example.net
741,592,1707,2022-12-26 07:05:46.786840,tarasov.tatana,EIeL9yPqgab,tarasov.tatana17@example.com
742,608,1147,2022-12-16 16:33:57.407484,tatana05,5EYbvNnj1,tatana0585@example.org
743,624,3546,2022-11-06 15:13:27.374578,ekondratev,BIduzY6q5Lj3,ekondratev99@example.net
744,640,1471,2022-10-25 17:39:05.628972,tamara10,oEsHfggvF5l0,tamara1017@example.com
745,656,1685,2022-09-05 11:53:46.741513,udina.taisia,3fOE0mbwmJtg,udina.taisia36@example.org
746,672,3772,2022-10-15 13:02:32.412276,imironov,RVYTFKcal,imironov24@example.org
747,688,3091,2022-11-28 18:01:07.614962,zustinova,jIGOaOo5xC,zustinova91@example.net
748,704,132,2023-01-27 08:33:13.995072,ekuznecov,LD6G8M26NY,ekuznecov18@example.org
749,720,2188,2022-12-09 01:52:38.039264,georgij.dackov,S1Ol4lamllvw,georgij.dackov43@example.com
750,736,1143,2022-09-05 01:37:34.424894,georgij49,JklxJ1MHb,georgij4962@example.org
751,752,335,2022-10-25 12:51:29.910740,illarion.ivanova,OjPC79T2DTvl,illarion.ivanova27@example.org
752,779,655,2022-09-21 07:36:44.726994,mcernov,doaU0TMIb,mcernov52@example.org
753,795,512,2023-01-04 05:09:49.087263,vlad.fomicev,KXONm0eEyhh,vlad.fomicev68@example.com
754,811,2201,2022-11-12 01:39:22.582666,ignat.drozdova,zwoJvWBHr,ignat.drozdova52@example.com
755,827,1160,2022-12-10 14:49:04.792007,ana04,7YQtGS40Kd,ana0444@example.com
756,843,1752,2023-01-03 23:18:56.698776,aleksandrova.immanuil,PgMK4sodLG,aleksandrova.immanuil79@example.com
757,859,3147,2022-11-24 21:10:18.723499,faina33,miS1aaiprBTJ,faina3363@example.com
758,875,691,2022-11-18 19:01:07.400426,rodionov.lada,gJIxhcfPoacd,rodionov.lada4@example.org
759,891,3119,2022-10-03 13:26:09.172686,jeliseeva,NizTS0DUojc,jeliseeva53@example.com
760,907,3592,2022-10-13 04:46:39.196914,kiselev.makar,MWxLantzXZw,kiselev.makar7@example.org
761,923,1318,2022-10-06 17:02:37.177274,valentina.gorbaceva,NA0wRDlu19,valentina.gorbaceva13@example.org
762,939,536,2022-11-09 12:00:52.738116,marat09,306M7lMYK1pI,marat0920@example.net
763,955,1950,2022-10-18 12:12:36.600684,rodion.drozdova,b5Y3Htw8b,rodion.drozdova79@example.com
764,971,2022,2022-11-19 23:32:04.974244,gleb.gureva,lHORJTN8,gleb.gureva43@example.net
765,987,770,2022-11-22 16:17:12.036031,zinaida38,BB6LFga9,zinaida3891@example.com
766,1003,1262,2023-01-28 05:51:26.944806,renata.samojlov,CYAAWq1r,renata.samojlov52@example.net
767,1019,241,2022-10-13 10:56:04.200729,semen.petrov,LsOTBBa9DhA,semen.petrov75@example.net
768,11,1984,2022-12-21 12:02:16.023402,safonov.florentina,bG4Kxztt,safonov.florentina44@example.org
769,27,1572,2022-11-14 18:12:37.937028,kudrasov.rodion,k1h5iTt1,kudrasov.rodion57@example.net
770,43,3483,2022-10-06 21:30:57.081820,fedor.eliseeva,w4vDF4D0g,fedor.eliseeva39@example.net
771,59,2807,2022-09-23 02:07:31.534921,xkapustina,GOfJS3kadXPg,xkapustina9@example.net
772,75,13,2022-09-20 06:20:27.636150,fstepanova,br2ZDGYrQMbQ,fstepanova21@example.net
773,91,3402,2022-11-21 04:59:09.727986,ksenia41,kbq6Usuzslb,ksenia4111@example.org
774,107,2892,2023-01-03 09:30:10.391065,alina.gureva,OxJUNZFxAX,alina.gureva39@example.org
775,123,2829,2022-09-27 03:59:06.523914,masnikov.ulana,xEI7bWgZLnjU,masnikov.ulana18@example.org
776,139,3405,2023-01-21 18:35:58.392236,anastasia.orlov,xywGuSDUFGK,anastasia.orlov56@example.org
777,155,2428,2023-01-23 03:47:48.493675,kristina70,t7c74ksfj,kristina7076@example.com
778,171,835,2022-12-04 22:37:46.371440,aroslava78,u68OdG2ONjV,aroslava7895@example.org
779,187,2767,2022-12-08 12:07:44.586697,eveselova,U4NMhdSK,eveselova88@example.org
780,203,890,2022-09-25 07:05:10.535136,azykov,zKTBy42ki,azykov8@example.com
781,219,1929,2023-01-08 00:19:04.444647,radislav68,zVq2rSPHp,radislav6887@example.com
782,235,457,2022-11-16 19:45:34.573003,bronislav59,XyqdeFQSzKPJ,bronislav5912@example.net
783,251,3904,2023-01-01 14:07:19.089806,jmartynova,MXQ659bTR,jmartynova9@example.org
784,256,169,2022-10-03 22:04:08.673673,pblinova,tCJOq6uT,pblinova59@example.net
785,272,3996,2022-11-30 17:56:58.046611,vladlen.miheev,JU672F0s,vladlen.miheev59@example.org
786,288,1943,2022-11-09 16:28:21.503894,trofim.krasilnikov,BImmrL2diroT,trofim.krasilnikov89@example.com
787,304,1206,2023-01-04 18:53:21.252643,radislav12,sVW04wecA,radislav1221@example.org
788,320,14,2022-10-23 15:44:10.434708,icvetkova,2INbSLNHp,icvetkova78@example.org
789,336,2267,2022-11-10 22:29:45.707863,polina81,Zd8WVK6fXH,polina8130@example.org
790,352,3594,2022-09-17 23:43:26.782616,robert.sysoev,KSEzoccr2KN,robert.sysoev1@example.com
791,368,3150,2022-09-01 18:24:38.430324,dignatev,85AQ8sBtdy,dignatev60@example.net
792,384,402,2022-09-06 21:00:02.303991,lubov57,WzGeNial,lubov5722@example.com
793,400,554,2022-10-12 02:17:22.988522,sidorov.kristina,BQXOmSPeM56,sidorov.kristina71@example.org
794,416,91,2022-12-17 10:48:19.814674,tatana69,xhGGfTYfhSAM,tatana6950@example.net
795,432,690,2022-09-23 04:20:31.999782,klavdia43,RM4GFgQ56,klavdia4391@example.org
796,448,249,2022-10-29 19:09:34.509403,ckolobov,07Nza4TCkc,ckolobov16@example.com
797,464,1434,2023-01-22 16:50:52.602701,lubov49,gSlThpeznMv,lubov4942@example.org
798,480,2216,2023-01-11 10:30:32.733639,diana.kolobova,wMqkM0Vlo,diana.kolobova67@example.org
799,496,3408,2022-11-24 22:02:48.656846,vladimir38,2YQ4yyjJk,vladimir3867@example.net
800,517,482,2022-11-12 04:34:20.657287,mzinovev,LzZKjZzNGVZ,mzinovev70@example.com
801,533,3057,2022-12-20 05:00:25.233954,kisakova,SrJAi6DU,kisakova31@example.org
802,549,3803,2022-12-11 01:14:05.781960,inga.rozkova,svJ4O0VK,inga.rozkova80@example.org
803,565,928,2022-12-19 18:40:17.517364,wnikitina,Jk0s67nUWb7D,wnikitina90@example.net
804,581,3341,2022-11-22 14:48:25.311312,blohina.izabella,1Oz2f1ikDGU,blohina.izabella53@example.net
805,597,818,2023-01-23 21:13:25.799371,semen76,hQaO8lXrNHIQ,semen7632@example.org
806,613,452,2022-09-17 12:43:17.301019,albina.uvarov,hLp8MmpJMQc,albina.uvarov59@example.org
807,629,2000,2023-02-01 05:16:48.088169,eliseev.albina,ZbFCjmdM,eliseev.albina14@example.com
808,645,2189,2022-09-07 07:08:12.823465,emelanova.mihail,5gDdldss,emelanova.mihail57@example.com
809,661,1562,2022-12-07 21:17:18.894707,kapustina.stanislav,D5ISlbwY3,kapustina.stanislav36@example.com
810,677,1182,2022-12-21 05:04:38.959514,avgust77,odXllNQVam,avgust7765@example.org
811,693,1570,2022-10-16 23:58:04.686966,raisa92,JVJDEEWSDGf,raisa9287@example.net
812,709,1953,2023-01-31 05:04:54.261865,gkulagina,iW7k7bWK7cLd,gkulagina55@example.net
813,725,3839,2022-10-24 08:27:14.054155,wfomin,AaBSfgw2H,wfomin94@example.com
814,741,3903,2023-01-10 05:03:05.956519,esitnikova,2zhTXOJtz,esitnikova42@example.com
815,757,3042,2023-01-31 23:56:00.637227,vera79,byquk9koOP,vera7968@example.org
816,778,1794,2022-10-04 06:48:22.980190,kalinina.raisa,fq72oRRsqD,kalinina.raisa51@example.org
817,794,1910,2022-10-29 22:28:53.481873,aleksandra.lobanov,dFfw7Nup7y,aleksandra.lobanov20@example.org
818,810,2656,2022-09-28 19:42:52.389052,stepan61,EMZQAkEP3OD,stepan6133@example.net
819,826,333,2022-10-30 22:20:44.491848,qkotova,Kj87bgeF,qkotova75@example.net
820,842,2795,2023-01-13 02:33:47.202737,mbelozerov,9DX5ZfWI7,mbelozerov77@example.net
821,858,2948,2022-10-04 02:43:09.679388,spartak27,JzgzN3O1RBJ,spartak2777@example.net
822,874,2278,2022-10-07 15:41:17.044339,gavriil04,mW9aeafVbpP,gavriil0493@example.com
823,890,1566,2022-11-18 18:41:43.338664,tatana11,WI2kUclWxJ,tatana1187@example.org
824,906,2463,2022-09-25 10:50:59.828934,bogdan43,Nlpw2DRhoZ,bogdan4373@example.com
825,922,3663,2022-10-16 13:46:01.341597,wkonovalova,LTUbMJeAzfi,wkonovalova100@example.com
826,938,3321,2022-11-03 07:58:25.364960,marta05,whrCu81BQ7rT,marta0572@example.com
827,954,2903,2022-12-28 00:23:27.424272,boleslav26,9AXE15bmUV,boleslav2614@example.net
828,970,750,2022-10-20 19:00:23.338262,novikova.irina,FhS30BsYQoWB,novikova.irina92@example.com
829,986,1059,2023-01-30 16:49:39.512371,veniamin86,9PhqLKfExO,veniamin8688@example.org
830,1002,2845,2023-01-10 15:27:48.619474,leonid.mihajlova,Wk0jyeeBT4G8,leonid.mihajlova62@example.net
831,1018,2324,2022-12-10 22:53:31.519803,prohor.soboleva,97i3rLzgx,prohor.soboleva75@example.org
832,8,3225,2022-09-10 15:01:51.515026,garri.saskova,Jo2Gcny2q7m,garri.saskova22@example.net
833,24,4001,2022-10-07 20:48:30.253953,ulij38,II3j9zjPnOpx,ulij3825@example.com
834,40,398,2022-12-01 13:31:01.003008,alekseeva.roman,8D6srH1oD3au,alekseeva.roman44@example.com
835,56,636,2023-02-01 09:36:23.038733,stepanov.alena,zsvrzRAdzI5,stepanov.alena20@example.net
836,72,2210,2022-10-16 01:22:28.034035,sokolova.nelli,wIl4uaRB4t,sokolova.nelli90@example.com
837,88,3337,2023-01-06 02:11:42.893525,xarhipov,L4nXdzPimi5I,xarhipov7@example.com
838,104,3329,2022-11-25 18:55:50.088528,uvarova.akov,pb1GEOxUX5Z,uvarova.akov22@example.net
839,120,2962,2022-12-01 01:41:38.929984,ssiraeva,b8e7PVe3QRJa,ssiraeva5@example.com
840,136,1118,2022-09-27 22:03:35.771216,arkadij.polakova,AMKrDhhDXF,arkadij.polakova56@example.com
841,152,832,2023-01-26 01:43:36.829003,vladislav.fedoseev,2GoM0UBrnkj,vladislav.fedoseev77@example.net
842,168,3298,2022-11-26 17:36:04.790082,galina75,3VHk1inMD,galina7581@example.net
843,184,2376,2022-12-07 23:50:53.665446,terentev.valerij,4xGt62SXlflB,terentev.valerij31@example.org
844,200,1380,2022-12-22 10:09:35.723638,udin.nikita,Xzu9FoILjW13,udin.nikita84@example.org
845,216,1875,2022-11-22 00:18:50.653010,feliks.makarov,Ce312mg38Q,feliks.makarov13@example.com
846,232,2419,2022-12-25 00:37:20.989253,inessa28,XvtiVAoeJBsr,inessa2846@example.net
847,248,1769,2022-09-05 09:32:44.203226,diana39,CDvdkxu0P,diana3933@example.net
848,259,2472,2022-11-08 02:41:49.364917,fomiceva.dmitrij,On4Yvwpkn,fomiceva.dmitrij53@example.net
849,275,1870,2022-11-21 02:02:24.067267,anton52,3Iy5oyZ26Rr,anton5261@example.net
850,291,3752,2022-11-24 11:38:47.454981,nestor.bobrov,D70guPDK,nestor.bobrov69@example.com
851,307,3806,2022-09-13 23:58:50.725823,uvarov.ekaterina,2Otj4AIEPD6L,uvarov.ekaterina28@example.org
852,323,366,2022-12-18 00:09:03.641590,sofa55,f7rF9Tmwj0,sofa5533@example.org
853,339,3736,2022-10-05 09:58:15.528535,efimova.olga,giCHn3cL1D4,efimova.olga31@example.org
854,355,2219,2023-01-30 15:21:12.558618,gmakarova,MbLL2Y0kRFZ,gmakarova43@example.net
855,371,1617,2022-10-03 23:01:15.787332,krasilnikov.pavel,SVhoZF0F,krasilnikov.pavel69@example.com
856,387,853,2022-09-15 05:17:11.378286,pmarkov,59pVbwfLWeJ,pmarkov37@example.com
857,403,3617,2022-12-29 18:03:21.802526,andrej80,6Fhm3zfNgz,andrej809@example.org
858,419,1559,2022-10-14 09:22:51.989500,inna.emelanov,ijLVkwFY,inna.emelanov69@example.com
859,435,2038,2022-09-11 23:24:42.111950,panova.rada,8GrrfbHKqW,panova.rada53@example.com
860,451,1606,2022-09-05 22:01:28.018982,artur47,rvFOe58t0G1a,artur4726@example.org
861,467,2308,2022-09-28 11:18:24.448016,natala.pahomova,CrTLe0OMQt,natala.pahomova100@example.org
862,483,1441,2022-10-28 00:59:30.997931,rozalina.ovcinnikov,XpSlT1nsZ,rozalina.ovcinnikov59@example.org
863,499,805,2022-11-30 12:27:33.252348,antonina.prohorov,6m1CuuvXuK,antonina.prohorov43@example.com
864,514,2761,2022-12-22 19:58:13.053380,cernov.vera,vltYI4Yah,cernov.vera12@example.net
865,530,1117,2023-01-04 09:59:46.876099,konstantin05,TlGf1xL2bZ,konstantin0575@example.com
866,546,1272,2023-01-23 01:19:58.456250,vikentij08,oI1Teq3k,vikentij0818@example.org
867,562,665,2023-01-14 22:40:09.602286,kozlov.fedor,Zq8B1c6i,kozlov.fedor26@example.com
868,578,2402,2022-09-12 10:32:05.554820,lilia.agafonova,vZq9Rh2M,lilia.agafonova35@example.org
869,594,2736,2022-12-01 20:17:08.424932,jbobylev,mmTk3V6yu3HW,jbobylev50@example.net
870,610,2316,2022-12-13 03:33:52.640272,bogdanov.ivan,zfoQzbkyOHpZ,bogdanov.ivan63@example.com
871,626,1567,2022-12-07 00:47:33.593696,nazarova.egor,qXinUeUKre2,nazarova.egor69@example.org
872,642,1729,2022-09-22 06:53:41.412822,alisa.ponomareva,az2esTbp1,alisa.ponomareva76@example.net
873,658,1668,2022-12-12 04:24:31.064347,rvladimirov,OiWkYPfZK,rvladimirov5@example.org
874,674,3489,2023-01-29 04:56:58.269436,ihohlova,TtYBJkIC,ihohlova61@example.com
875,690,2867,2022-09-12 20:23:03.725157,safonov.vasilij,GQ8CwCle,safonov.vasilij91@example.net
876,706,3650,2022-09-06 08:00:49.379910,esubina,bqjWAVxMw,esubina16@example.net
877,722,1693,2022-10-23 13:54:13.155707,voronov.ignat,8J5wSLFsLRy,voronov.ignat97@example.com
878,738,3208,2023-01-24 10:27:34.286528,veronika.morozov,F7Vb2nGVXoz,veronika.morozov31@example.org
879,754,23,2022-09-05 17:03:10.693366,valerian.antonova,yCOP8PFXSx,valerian.antonova60@example.com
880,781,345,2022-09-19 04:57:26.632146,valerian34,AiSzYxop5,valerian3474@example.net
881,797,198,2022-11-20 19:38:09.880948,alisa.kononova,jZQz58x0e0p2,alisa.kononova69@example.org
882,813,1180,2022-10-24 03:40:44.120036,oleg22,z3vEFbVlp,oleg2242@example.org
883,829,557,2022-10-14 21:26:50.412307,emilia31,q8ymY0qk3o,emilia3185@example.com
884,845,2112,2022-12-13 10:39:07.389830,ysiraev,SVmyMhrd,ysiraev39@example.net
885,861,1124,2023-01-22 09:54:04.324990,jlukin,xI3mSS08dKU,jlukin68@example.com
886,877,2808,2022-10-01 16:53:40.495494,gordej.martynova,0QvM5HZDjPU,gordej.martynova85@example.org
887,893,911,2022-12-17 23:58:18.112039,tpopova,loGUndnzL0oW,tpopova100@example.org
888,909,3974,2023-01-26 09:09:25.134090,klavdia.turova,ATKGEvYSFWfp,klavdia.turova95@example.org
889,925,1126,2022-11-24 20:40:18.200858,karhipova,aqBAhoFQA,karhipova91@example.net
890,941,3017,2022-11-25 15:25:53.412214,hcvetkov,tFb07kEzgo,hcvetkov69@example.net
891,957,4010,2022-10-02 00:06:11.103680,zanna16,qSUbftOJr,zanna1670@example.net
892,973,1268,2022-10-25 06:39:38.646684,fsiraev,2C6F6GPo,fsiraev37@example.net
893,989,2612,2022-12-16 06:28:01.967944,izabella.abramov,nFVHPVGrt,izabella.abramov19@example.net
894,1005,1909,2023-01-01 12:15:01.501125,pgulaev,K8JTimn8wo,pgulaev4@example.org
895,1021,2340,2022-10-29 13:06:22.418511,vasileva.anfisa,SOwAh5d2tlJ,vasileva.anfisa61@example.org
896,5,1477,2022-11-29 20:28:03.534394,xevseev,340b0PIh59,xevseev18@example.com
897,21,1045,2022-11-30 05:40:09.596600,alisa89,Lp8r6sYGF52,alisa8927@example.org
898,37,3673,2022-12-20 06:02:55.704538,pkozlova,reWB9SxdH,pkozlova50@example.com
899,53,3829,2022-09-03 09:03:48.930040,gorskova.milan,w3BkkCwaNdN,gorskova.milan79@example.net
900,69,43,2022-10-29 07:11:55.300190,marta.knazeva,5L6yzSLwqvh,marta.knazeva19@example.net
901,85,3124,2023-02-02 21:21:11.781756,ana.guseva,mA07F1aDZ,ana.guseva93@example.org
902,101,3851,2023-01-31 16:26:25.907377,xuvarova,fj1wCJTCm,xuvarova73@example.net
903,117,1226,2022-09-21 23:29:31.721886,jdanilov,8FpA9QemIPK,jdanilov78@example.net
904,133,985,2022-10-25 20:16:26.695607,irina28,XAx9uh4j9EYx,irina2890@example.com
905,149,3294,2023-01-20 23:35:17.063807,nekrasov.afanasij,2nVnlObIi,nekrasov.afanasij67@example.com
906,165,122,2022-12-15 22:51:48.981634,lebedev.nikita,geNB7qAIv,lebedev.nikita98@example.net
907,181,662,2022-12-13 23:09:52.525627,ologinova,WG82FAW53qj9,ologinova28@example.net
908,197,2289,2023-01-02 11:01:09.952240,skolobova,bFAQU507,skolobova30@example.net
909,213,3627,2022-11-01 00:43:01.822086,cbelaev,FSHlxULLB,cbelaev20@example.com
910,229,3633,2022-12-18 13:39:28.541636,elavrenteva,G1BCOngJr0mf,elavrenteva57@example.net
911,245,3428,2022-10-23 19:36:57.488060,evgenia.larionova,U8DiNCUrvPZ,evgenia.larionova66@example.com
912,266,3177,2022-09-03 22:37:21.876662,alina.vinogradov,VnuhPXGv3w,alina.vinogradov12@example.com
913,282,702,2022-11-04 09:05:09.823868,vasilisa82,2MlraTmhH,vasilisa8213@example.com
914,298,339,2022-12-24 15:07:17.480588,visakov,y2U6XzvVDo,visakov38@example.com
915,314,1713,2022-12-15 08:11:13.562363,andrej.abramova,YpeYq0ida8R9,andrej.abramova51@example.net
916,330,3282,2022-09-30 13:09:42.465948,dvoronova,u9ppoPk2DR,dvoronova66@example.org
917,346,171,2022-09-28 07:25:43.352951,gorbacev.bogdan,7O3FmmfLYW,gorbacev.bogdan21@example.com
918,362,1017,2022-10-10 13:19:05.468366,skrasilnikova,UHFpygMbaau,skrasilnikova67@example.com
919,378,974,2022-11-25 02:02:48.275625,elena74,ApUk961Fains,elena7477@example.net
920,394,2100,2022-09-23 01:24:38.038480,vikentij70,OUe7TSO0,vikentij7069@example.net
921,410,741,2022-09-28 02:50:47.026376,gkolesnikova,zQaI3N3u,gkolesnikova35@example.net
922,426,82,2023-01-30 03:39:42.809808,vsevolod97,V1afXL6Q,vsevolod9778@example.net
923,442,3651,2022-10-12 10:55:42.209378,svatoslav.sysoev,3O5G50nA,svatoslav.sysoev58@example.com
924,458,918,2022-11-30 03:59:58.359842,akim89,Freb6pxnOj,akim8944@example.net
925,474,1893,2022-10-20 18:24:06.471534,bolsakov.vladimir,vXqh0G6b,bolsakov.vladimir13@example.net
926,490,63,2022-09-24 11:00:36.668735,inessa.zueva,Ka8g3MMGF,inessa.zueva18@example.org
927,506,1650,2022-09-24 08:47:07.979162,kovaleva.adam,oDNLClyVB,kovaleva.adam27@example.org
928,523,920,2022-10-23 09:25:56.257501,qbelousov,3gr6NyjEUDxT,qbelousov100@example.org
929,539,456,2022-12-17 12:12:52.684724,dina.golubeva,rWv0GbiUUQe,dina.golubeva30@example.org
930,555,2482,2023-01-21 20:13:07.788216,vignatov,2wlTHFGmoqFR,vignatov57@example.com
931,571,1937,2023-01-29 23:42:42.308063,efremova.nestor,gj4fAId4,efremova.nestor56@example.net
932,587,915,2023-01-04 07:28:46.255158,sgusina,NbOge7kr,sgusina94@example.com
933,603,1369,2022-09-28 02:09:12.833547,viktor.alekseeva,9lzF6eAIoU,viktor.alekseeva24@example.org
934,619,1757,2022-12-08 08:21:06.235954,lobanova.taisia,TFBuGs9cXr,lobanova.taisia23@example.com
935,635,153,2022-10-02 19:36:49.964503,isukin,qz9twmDc,isukin70@example.net
936,651,433,2022-12-16 18:14:56.966368,grigorij54,1YEzJufF,grigorij5487@example.org
937,667,1092,2022-12-01 09:11:21.447802,teterina.milan,ndOWsFdiZMF1,teterina.milan22@example.com
938,683,1128,2023-01-26 19:21:51.758029,polakova.emma,Xhz2JZ5j,polakova.emma55@example.org
939,699,3251,2022-11-05 06:31:39.560769,sava36,lAcKDAEI,sava3667@example.net
940,715,3838,2022-10-14 06:33:44.965480,udin.robert,B6t3xdDSy,udin.robert73@example.org
941,731,3957,2022-12-15 08:34:26.357303,rabramova,AMSKnK9xk7,rabramova43@example.org
942,747,1022,2022-11-23 09:10:41.191091,grigorij40,F3BcHbPMly,grigorij4059@example.org
943,763,1697,2022-11-22 09:17:58.960392,dmitrij.udina,Elcaa76TCuNj,dmitrij.udina41@example.net
944,768,1927,2022-11-30 03:14:45.610565,izolda92,lkSHWRlBv9,izolda9242@example.com
945,784,3152,2022-12-12 09:34:46.563778,rozalina.kulagina,wdufNrR2h,rozalina.kulagina55@example.org
946,800,2644,2023-01-07 11:16:53.947240,lbogdanova,lJGSod4UfX,lbogdanova59@example.org
947,816,2631,2022-12-20 23:09:14.341082,nikodim36,RNjpt8w3MI5q,nikodim3679@example.org
948,832,3518,2023-01-06 01:06:44.221411,ulian34,mKOYVsVla,ulian3410@example.com
949,848,72,2023-01-03 01:42:58.066913,anfisa.cvetkov,kPQlGqBvC4X,anfisa.cvetkov82@example.com
950,864,2187,2023-01-07 04:30:33.171053,marat.kazakova,gtCFMcQF,marat.kazakova7@example.org
951,880,849,2022-10-25 07:06:15.925768,ulana.maslov,00n4lszGKwh1,ulana.maslov81@example.net
952,896,368,2022-09-26 05:47:57.365376,sukina.regina,SuoKtwUCSg3,sukina.regina98@example.net
953,912,1613,2022-12-17 13:54:27.822536,cdackov,vwcRFw3xh0,cdackov6@example.com
954,928,1533,2023-01-09 00:47:17.730213,savin.sava,HtB7z8T7Os,savin.sava64@example.com
955,944,2328,2023-01-09 02:35:34.734240,oleg.panfilov,c4FVU7bwKbJ,oleg.panfilov6@example.com
956,960,2136,2022-09-04 07:03:41.078690,nelli.voronov,acoA55xxYFFx,nelli.voronov2@example.net
957,976,4019,2022-09-28 21:21:12.652682,gsidorov,Nifo1gbHir,gsidorov24@example.net
958,992,1747,2022-11-26 13:49:02.595814,filipp.romanova,OJNGVCGl,filipp.romanova46@example.com
959,1008,3101,2023-01-10 20:56:45.068770,rozalina29,TJo0vjwoUqq,rozalina2938@example.org
960,2,161,2022-12-28 08:48:21.782344,msubbotina,Adts2Rva,msubbotina98@example.org
961,18,242,2022-12-25 20:20:23.002996,nikodim.bogdanov,Hc5Btm0m,nikodim.bogdanov52@example.net
962,34,639,2022-11-06 23:02:26.698393,belova.olesa,Z4R5zmelx,belova.olesa99@example.org
963,50,2195,2023-01-24 19:29:31.835639,ulia09,QR5HzAFGqiyA,ulia0967@example.com
964,66,389,2022-10-25 13:41:02.091842,mihail95,KWlMmSe9,mihail95100@example.org
965,82,1199,2022-11-24 01:46:44.202238,vera81,XqYWxGDu,vera8162@example.net
966,98,1342,2022-12-28 18:42:20.720679,radislav53,GKvOeZx7,radislav5365@example.org
967,114,4062,2023-01-08 22:52:11.128326,faina96,WUfPz4k7MKpV,faina9612@example.net
968,130,1702,2023-01-03 19:37:17.952040,komissarova.marina,JMDueveRWZq,komissarova.marina36@example.org
969,146,2571,2023-01-21 13:14:04.208363,zaharova.ignat,FZsPuPS5,zaharova.ignat63@example.net
970,162,745,2022-10-20 06:52:53.457782,sitnikova.vitold,FQcLpF0m,sitnikova.vitold23@example.net
971,178,1676,2022-10-09 00:53:20.066489,qsaveleva,9V21HtjP,qsaveleva8@example.com
972,194,3934,2022-09-03 11:51:20.530479,artemev.polina,qU9NCQHWr,artemev.polina70@example.org
973,210,794,2022-10-03 17:25:22.990384,osiraeva,0t1pQjoRpIA1,osiraeva66@example.org
974,226,2095,2022-10-18 19:35:57.117113,jsestakov,LBN1FEHH0,jsestakov81@example.net
975,242,2950,2022-11-24 19:41:44.097328,apanova,2ecAVAIAT,apanova62@example.com
976,269,3741,2022-12-23 01:55:49.488960,miroslav.fedoseev,1BHQRCKXB3OY,miroslav.fedoseev55@example.net
977,285,1816,2022-09-12 09:04:11.463170,ulebedev,n4phSZpC,ulebedev12@example.org
978,301,104,2022-11-09 08:08:01.092274,knazeva.polina,1OOOAjH6XzUT,knazeva.polina8@example.net
979,317,3558,2022-09-10 08:31:46.438557,sokolov.dan,cO8YBJg1,sokolov.dan71@example.com
980,333,1110,2022-12-10 15:44:12.571852,ivan16,0OHaRSkxbuY,ivan1613@example.net
981,349,3905,2022-09-25 17:40:54.569802,esaveleva,ZMQcwcLpHI,esaveleva89@example.org
982,365,446,2022-12-15 01:26:41.000436,bogdan93,Q25SfZ7tI,bogdan9325@example.com
983,381,2179,2022-12-22 00:19:33.797898,abramov.rodion,l4zw9Lgl3hA,abramov.rodion72@example.net
984,397,2660,2022-10-04 14:05:19.083054,izabella13,u2kyBJ9au7,izabella1364@example.org
985,413,3164,2023-01-07 14:01:55.990332,lubov.muhina,QWSoLo3madx,lubov.muhina55@example.com
986,429,692,2022-09-28 14:32:09.809059,savelev.vasilisa,JwhWTjiR0zT,savelev.vasilisa43@example.net
987,445,174,2023-01-01 03:29:55.091290,natala61,V15d9jpNZl,natala6135@example.org
988,461,2467,2022-09-19 22:05:43.599290,anzelika72,HHEzBctV9,anzelika7280@example.org
989,477,3937,2022-12-30 17:56:07.053446,doronin.egor,E7TpifSJ,doronin.egor71@example.com
990,493,747,2022-10-16 01:16:28.428662,jsmirnova,Xhw2MmpfJM,jsmirnova68@example.net
991,509,35,2023-01-08 14:49:10.008837,rsaskova,UXH6PTAO8,rsaskova37@example.net
992,520,2043,2022-10-01 23:10:18.198028,akuznecov,2lOUDCi30W,akuznecov5@example.net
993,536,2931,2022-12-30 02:56:15.009468,ludmila.bobylev,JiLaY42YZFiJ,ludmila.bobylev34@example.net
994,552,3833,2022-12-14 05:11:10.853788,albina.suvorov,QeayoyEm,albina.suvorov58@example.com
995,568,1852,2022-10-16 00:16:25.775060,kdanilova,bSkrQZzNrrg,kdanilova27@example.com
996,584,3875,2022-09-30 06:40:08.233568,polina.siraeva,lU2NGWcy5O,polina.siraeva18@example.org
997,600,144,2023-01-08 23:25:47.186551,aleksandr49,NYviYYgdq,aleksandr49100@example.org
998,616,1698,2023-01-27 10:53:01.151511,dtarasova,TWeuDWQtBX,dtarasova79@example.net
999,632,1766,2022-11-22 09:24:36.334096,iskra.cernova,at2ymfIwYli3,iskra.cernova50@example.org
1000,648,3233,2022-09-25 02:35:32.933446,tamara46,YhliSpxIq,tamara4637@example.com
1001,664,3498,2022-10-04 16:09:36.940691,innokentij43,Wh8jS67dlOM,innokentij4367@example.org
1002,680,851,2022-09-30 19:59:43.322776,emerkusev,DLUpfVSz2,emerkusev47@example.com
1003,696,3759,2022-11-27 09:45:13.072229,xmaslov,flDyo4kRdIR,xmaslov3@example.com
1004,712,227,2022-12-02 01:58:52.376080,zueva.avgust,hc4tqRCG0Pu,zueva.avgust21@example.org
1005,728,3746,2023-01-04 21:29:19.666013,zoa.frolov,h673c2RsJf,zoa.frolov53@example.com
1006,744,2323,2022-10-19 13:14:59.493398,haritonova.erik,nZyt4a0L,haritonova.erik92@example.net
1007,760,2516,2023-01-08 00:37:03.177159,sofa.ivanov,zJcPoOafbY,sofa.ivanov84@example.org
1008,771,2272,2022-10-21 01:03:44.226893,platon.sazonov,Rs7LkeVhy,platon.sazonov27@example.com
1009,787,3827,2023-01-27 22:28:40.003934,timur.vinogradov,qCOO9zlbvGW,timur.vinogradov80@example.org
1010,803,1088,2022-10-29 00:58:06.894062,nikodim74,hjYb2fi8R,nikodim7465@example.com
1011,819,3507,2022-12-22 17:06:45.308859,nazar.timofeev,3boevKIZxl4,nazar.timofeev73@example.com
1012,835,2148,2023-02-02 05:40:53.464236,ruslan.fomicev,uIhHTMki,ruslan.fomicev35@example.com
1013,851,1934,2022-11-28 17:42:25.750156,maria.kotova,SCJ1YPfsHr,maria.kotova97@example.com
1014,867,2363,2022-12-02 15:01:48.543769,makarov.marat,e2eSww2O3MqX,makarov.marat25@example.net
1015,883,2306,2022-12-05 16:34:17.082774,acvetkova,XGfgmOjUt,acvetkova51@example.com
1016,899,139,2022-11-17 23:11:23.781740,eduard.gusin,9rxUfbA6c,eduard.gusin44@example.com
1017,915,998,2022-12-19 06:37:51.607755,vasilisa58,lapZGJOTcaf,vasilisa5841@example.org
1018,931,3356,2022-10-02 04:19:25.630035,petr49,ON7I0O37,petr4938@example.net
1019,947,3834,2022-12-23 23:34:39.452464,kuznecov.maksim,yn7lgtKG8,kuznecov.maksim100@example.com
1020,963,1071,2022-11-02 00:38:00.046092,egor.zinoveva,WCjNr6eJX7gd,egor.zinoveva4@example.com
1021,979,220,2022-09-10 16:34:11.040119,silov.emma,OnM3aIbioM,silov.emma95@example.org
1022,995,2533,2023-01-03 02:55:10.541542,fkuzmina,E5hU4PMWEdG,fkuzmina28@example.org
1023,1011,2543,2022-09-11 19:56:26.817021,eva.sysoev,vZeOj2r7Muda,eva.sysoev16@example.com
